date,net,gross,linear_net
2021-07-19,0.0031769813808259326,0.004676981380825933,-0.004452618322576409
2021-07-20,-0.0008905986628876665,0.0006094013371123336,-0.002330463637679288
2021-07-21,-0.0005413731100396822,0.0009586268899603179,-0.003917842943596537
2021-07-22,0.002416226461607289,0.003916226461607289,6.184350372877203e-06
2021-07-23,-0.004908925885374641,-0.003408925885374642,-0.004908925885374641
2021-07-26,-0.0024045570083329596,-0.0009045570083329596,-0.0008735565810264038
2021-07-27,-0.0029401623954926474,-0.0014401623954926474,-0.0022680996427709003
2021-07-28,-0.008105361272963314,-0.006605361272963313,0.0027856555562058767
2021-07-29,-0.001479018607074166,2.0981392925834008e-05,-0.0009749705416784425
2021-07-30,-0.0032832575570139917,-0.0017832575570139917,-0.0021119328508948177
2021-08-02,-0.0040011376030947825,-0.002501137603094783,-0.002622051204290875
2021-08-03,-0.001556869177223029,-5.686917722302898e-05,-0.0010126714067998353
2021-08-04,-0.0017612222673375048,-0.00026122226733750475,0.0006496234638373607
2021-08-05,0.0025894872444947787,0.004089487244494779,-0.0004267444148179354
2021-08-06,-0.0012909309466394557,0.00020906905336054438,-0.006145998918832022
2021-08-09,-0.0014220124692581962,7.798753074180392e-05,-0.0034290813917138272
2021-08-10,-0.0011199381743430812,0.0003800618256569188,-0.000767720215715416
2021-08-11,-0.0014904086324675895,9.591367532410522e-06,-0.00039351760716267595
2021-08-12,-0.002802741314399484,-0.001302741314399484,-0.0005931156441282824
2021-08-13,-0.0004607260177744419,0.0010392739822255581,-0.002136438562092251
2021-08-16,-0.0012096383473253467,0.0002903616526746533,-0.0013501788631035392
2021-08-17,0.00014187191942209706,0.001641871919422097,-0.002025388025240811
2021-08-18,0.0010330498783699279,0.002533049878369928,0.0014018721298514765
2021-08-19,-0.003733240713703441,-0.002233240713703441,-0.0032720134370159263
2021-08-20,0.0010868913887184264,0.0025868913887184264,-0.003701432896849931
2021-08-23,0.002148113057510227,0.003648113057510227,-0.0015182286444873892
2021-08-24,-0.0030149029001400166,-0.0015149029001400166,0.002629276333624879
2021-08-25,-0.0015759340164576544,-7.593401645765441e-05,-0.0016458778671671463
2021-08-26,-0.001484622112199989,1.5377887800011036e-05,0.003909982645894901
2021-08-27,-0.0035595398936503196,-0.0020595398936503195,0.0032751968719561555
2021-08-30,0.0013207504034290648,0.002820750403429065,-0.0020787883326530824
2021-08-31,0.0038294237808503147,0.005329423780850315,-0.0036583883480411764
2021-09-01,-0.0011285364860258288,0.0003714635139741712,-0.0009438497702838181
2021-09-02,9.991502738529575e-05,0.0015999150273852958,-0.0018620138041325605
2021-09-03,-0.00288301432345452,-0.0013830143234545198,-0.0007505215760412914
2021-09-06,-0.0023104815118663567,-0.0008104815118663566,0.0018250977047966459
2021-09-07,-0.0010491735169796527,0.00045082648302034734,-0.003711851798633549
2021-09-08,-0.006937405586804,-0.0054374055868040005,-0.0023064030468181993
2021-09-09,-0.00374579920649369,-0.00224579920649369,-0.003013820431000776
2021-09-10,-0.0011423766376127396,0.00035762336238726045,-0.0006772572152942123
2021-09-13,-0.001278147232374681,0.00022185276762531903,-0.0016386301073650343
2021-09-14,0.001061149877013072,0.002561149877013072,0.0013379996999117612
2021-09-15,-0.0038452355213659376,-0.0023452355213659376,-0.0016240897986325568
2021-09-16,-0.0005968219244685117,0.0009031780755314883,0.000373283513711757
2021-09-17,-0.0008657450358484629,0.0006342549641515371,-0.0024079882547947116
2021-09-20,-0.003703928790521517,-0.002203928790521517,-0.0017180052628199675
2021-09-21,-0.0013037078403973488,0.00019629215960265123,-0.0030746775515185774
2021-09-22,0.0002696544429015581,0.0017696544429015582,0.0006594586926851899
2021-09-23,0.0007034038515516968,0.002203403851551697,-0.0007897390049447076
2021-09-24,0.0005897392971279127,0.0020897392971279127,0.001666886285397491
2021-09-27,-0.0029906006756004544,-0.0014906006756004546,-0.0016772937021424597
2021-09-28,-0.0017716418156152728,-0.0002716418156152728,-0.005022973255402864
2021-09-29,-0.0013424067195340881,0.00015759328046591192,-0.001657593280465912
2021-09-30,0.0007448426665723497,0.0022448426665723498,0.002148803340677853
2021-10-01,-0.0006451247256629004,0.0008548752743370996,0.0001801136235426589
2021-10-04,-0.001977927750267601,-0.00047792775026760104,-0.001134327098539513
2021-10-05,-0.003397272014296861,-0.0018972720142968608,-0.0019386771790253624
2021-10-06,-0.0028698961294526108,-0.0013698961294526107,-0.001318818803967599
2021-10-07,-0.0017535264127866283,-0.00025352641278662824,-0.006198244575638291
2021-10-08,-0.0034461916487249903,-0.0019461916487249903,0.0009320331203878803
2021-10-11,0.003301386395212978,0.004801386395212978,-0.0006054565759186629
2021-10-12,0.0004023461426315169,0.001902346142631517,0.00012373136942689508
2021-10-13,-0.0008864312138352746,0.0006135687861647254,0.0008083156570869179
2021-10-14,0.0009542634994381973,0.0024542634994381973,-0.0014541113953786254
2021-10-15,-0.004200255682708818,-0.0027002556827088187,-0.004200255682708818
2021-10-18,0.002304969604499761,0.003804969604499761,-0.0016141597936124422
2021-10-19,0.0029875164185052413,0.004487516418505241,-0.0005699899823707736
2021-10-20,-0.002710613251214257,-0.001210613251214257,0.00012177140920823079
2021-10-21,-0.0009961070068465181,0.0005038929931534819,-0.0004632926619817777
2021-10-22,-0.0038742402377402578,-0.0023742402377402577,-0.0031075710615338496
2021-10-25,-0.0066884484197568105,-0.005188448419756811,0.003688448419756811
2021-10-26,-0.0019561268398255297,-0.0004561268398255297,-0.003921462367639168
2021-10-27,-0.001451767122295813,4.823287770418701e-05,-0.0016284252595621
2021-10-28,-0.0025066848360699293,-0.0010066848360699293,-0.002307633653533299
2021-10-29,-0.0008722686665413489,0.0006277313334586512,-0.0037591450583050823
2021-11-01,-0.0015223059212410004,-2.2305921241000393e-05,-0.0005426627790621739
2021-11-02,-0.003882889916577017,-0.002382889916577017,-0.003315650958815899
2021-11-03,0.0005975049695018677,0.0020975049695018677,-0.0003810362906060392
2021-11-04,-0.0019970179158522437,-0.0004970179158522436,-0.0012488884909973839
2021-11-05,-0.0007705579751390843,0.0007294420248609157,-0.0007705579751390843
2021-11-08,-0.0017209908961634533,-0.00022099089616345324,-0.002351956961683331
2021-11-09,-0.002856499507134498,-0.0013564995071344982,-0.0018639018646891673
2021-11-10,-0.0024472237350033886,-0.0009472237350033885,-0.0046646292944925154
2021-11-11,-0.0004529503899522989,0.0010470496100477011,-9.792489837689858e-05
2021-11-12,-0.002645088798446131,-0.001145088798446131,-0.0019028430121103821
2021-11-15,-0.004045032021116416,-0.002545032021116417,-0.003092520479903159
2021-11-16,-9.903527045572328e-05,0.0014009647295442768,-0.006230396391996558
2021-11-17,-0.005688549390357024,-0.004188549390357024,-0.00026216382183281853
2021-11-18,-0.004024650625806849,-0.0025246506258068493,-0.0024006870590757554
2021-11-19,0.00088184319113173,0.00238184319113173,-0.0056435202375935255
2021-11-22,0.0009595631976667975,0.0024595631976667975,-0.002289307136876277
2021-11-23,-0.0018870125058516583,-0.00038701250585165825,0.0009311332377084937
2021-11-24,-0.005430745529083221,-0.003930745529083221,-0.0019334960111599812
2021-11-25,0.0007417350450404799,0.00224173504504048,-0.0033329794764411073
2021-11-26,-0.0020768953216311324,-0.0005768953216311323,-0.0022122534424354454
2021-11-29,-0.00326488964358755,-0.00176488964358755,0.0005088827043494156
2021-11-30,0.0002777126805099269,0.001777712680509927,0.0005016524310977196
2021-12-01,-0.002123078042073307,-0.0006230780420733069,-0.0038821207500935673
2021-12-02,-0.0016503828552198022,-0.00015038285521980221,0.00013535050464101714
2021-12-03,0.002245265918804433,0.003745265918804433,-0.0012726273076615184
2021-12-06,-0.001583591011268221,-8.359101126822106e-05,5.288914584259904e-05
2021-12-07,-0.0036075545097510723,-0.0021075545097510723,0.0031726974295403928
2021-12-08,-0.0039801087007995655,-0.002480108700799566,0.0001522597332484696
2021-12-09,0.0013364002760059847,0.0028364002760059848,-0.002393393005001769
2021-12-10,-0.0002669499956451924,0.0012330500043548076,-0.0007968648507636331
2021-12-13,-0.00153316022974309,-3.3160229743089964e-05,0.0007313942620325599
2021-12-14,-0.0004351652772607837,0.0010648347227392163,0.00010848802126042908
2021-12-15,-0.002215984430097155,-0.0007159844300971552,-0.0009512228192291015
2021-12-16,-0.0037164205912540793,-0.0022164205912540793,-0.001297736660463269
2021-12-17,-0.0008871159201105775,0.0006128840798894225,-0.005533557864103545
2021-12-20,0.0009817991373734665,0.0024817991373734666,0.0010524943511321257
2021-12-21,-0.003975919574991755,-0.0024759195749917556,-0.002146479633562111
2021-12-22,0.0009525775179572717,0.0024525775179572717,-0.0006044246417973285
2021-12-23,-0.0013681475559315266,0.00013185244406847352,-0.0012486435393290183
2021-12-24,-0.0030922951329815777,-0.0015922951329815777,-0.0010480013719425655
2021-12-27,-0.005399160291063005,-0.0038991602910630058,0.002610624260545523
2021-12-28,-0.003739490623582169,-0.0022394906235821688,-0.004152846749316595
2021-12-29,-0.002421879513320012,-0.0009218795133200119,-0.001705250608969615
2021-12-30,-0.0007609637375738374,0.0007390362624261626,-0.0017484331820648278
2021-12-31,-0.00595285978054942,-0.00445285978054942,-0.0025937539864413065
2022-01-03,-0.0013994180939574234,0.00010058190604257666,-0.0013783534052030214
2022-01-04,-0.003528643766079183,-0.002028643766079183,0.0019157143300937859
2022-01-05,0.001978182142780825,0.003478182142780825,-0.0010468740772237987
2022-01-06,-0.004321380189624231,-0.0028213801896242313,-0.003188003779923855
2022-01-07,-0.001146646342339032,0.00035335365766096805,0.00012133946980520801
2022-01-10,-0.003981132243384809,-0.0024811322433848093,-0.002047721080310676
2022-01-11,0.000788103051764486,0.002288103051764486,-0.0033364549521797114
2022-01-12,-0.006380414057867904,-0.0048804140578679045,-0.004428640331396087
2022-01-13,-0.002090369113111458,-0.000590369113111458,-0.0024315696305503135
2022-01-14,-0.0004049364863246822,0.0010950635136753178,-0.00042378153232340435
2022-01-17,-0.0015891047406521573,-8.910474065215723e-05,-0.0008432736948404023
2022-01-18,-0.0012374669442632423,0.0002625330557367578,-0.0024724268361121225
2022-01-19,0.0004721190838565827,0.0019721190838565827,-0.0036373299855348693
2022-01-20,-0.0005897104123796132,0.0009102895876203868,-0.003282570013757534
2022-01-21,-0.0034488272133361545,-0.0019488272133361545,-0.0044608767371446655
2022-01-24,-0.0033725087159623955,-0.0018725087159623954,0.0005083448936701331
2022-01-25,-0.0026386762447062743,-0.0011386762447062743,-0.0003216297406366101
2022-01-26,-0.0030710355864992087,-0.0015710355864992087,-0.0019253884654593365
2022-01-27,-0.0021139640563998933,-0.0006139640563998933,-0.0007142872922952085
2022-01-28,-0.005978321573652743,-0.004478321573652744,-0.000366951610652698
2022-01-31,0.0008680107245579867,0.0023680107245579868,0.0036530983015390524
2022-02-01,-0.003532397469645786,-0.002032397469645786,-0.005069150486802147
2022-02-02,-0.003826008941674604,-0.002326008941674604,-0.0012635903500148719
2022-02-03,-0.0029646320968748073,-0.0014646320968748072,-0.00022196418515610253
2022-02-04,0.001332768938059338,0.002832768938059338,0.0005082146680698298
2022-02-07,-0.005525141104213619,-0.00402514110421362,-0.004772295924420715
2022-02-08,0.0011591397653953213,0.0026591397653953214,-0.003010558153744998
2022-02-09,6.59222030263292e-05,0.0015659222030263292,-0.0015258839130964223
2022-02-10,-0.0007574032542479584,0.0007425967457520416,-0.0007574032542479584
2022-02-11,-0.006496361329549142,-0.004996361329549143,-0.004094768648046752
2022-02-14,-0.004756336200473868,-0.003256336200473868,-0.002509222287936281
2022-02-15,-0.0044718292941548065,-0.002971829294154807,0.0008629602674919564
2022-02-16,-0.002638533916461834,-0.001138533916461834,-0.004367620023400005
2022-02-17,-0.00016481239436874498,0.001335187605631255,-0.0007731959532865638
2022-02-18,-0.0014453844391745599,5.461556082544017e-05,-9.311578019303383e-05
2022-02-21,-0.0020396910965430047,-0.0005396910965430046,-0.0037316604540109364
2022-02-22,-0.0027274547132895184,-0.0012274547132895184,-0.0007022690654407402
2022-02-23,-0.0012230206054140561,0.0002769793945859439,-0.0006232956230372969
2022-02-24,-0.003341032184680106,-0.001841032184680106,0.002370630516377001
2022-02-25,-0.0005124221766150115,0.0009875778233849886,-0.0001912873453631934
2022-02-28,-0.001545425364577273,-4.5425364577272864e-05,-0.001545425364577273
2022-03-01,-0.0032113121929451247,-0.0017113121929451247,-0.006565853934156955
2022-03-02,-0.00373802743022207,-0.00223802743022207,-0.002206739068842263
2022-03-03,-0.0021892010895370032,-0.0006892010895370032,-0.002354897209831798
2022-03-04,0.0026706563627848664,0.004170656362784866,-0.0017845467769809623
2022-03-07,0.0018344047535857441,0.003334404753585744,-0.00029667554266134613
2022-03-08,-0.002528535797407193,-0.001028535797407193,-0.0006641244426417712
2022-03-09,-0.003567870767321914,-0.0020678707673219138,0.0005170053083413269
2022-03-10,0.002686220579438349,0.004186220579438349,0.003476111723172749
2022-03-11,-0.0014136464884576387,8.635351154236137e-05,-0.0037972982866954622
2022-03-14,0.0018625145833275221,0.003362514583327522,-0.0009230320975392296
2022-03-15,-0.00013716746335521693,0.001362832536644783,0.0009029388040167076
2022-03-16,7.55171675790138e-05,0.0015755171675790138,-0.0011911229445186915
2022-03-17,-0.0009463080716081694,0.0005536919283918307,-0.0010207588989081607
2022-03-18,-0.0023099276548279716,-0.0008099276548279716,-0.004229302778011269
2022-03-21,-0.0038765756928020438,-0.0023765756928020437,0.0013113360987618435
2022-03-22,0.0012980730777753537,0.0027980730777753537,0.0034811949138683364
2022-03-23,-0.0006475208010077436,0.0008524791989922564,-0.004332193593969079
2022-03-24,0.0013115093030340182,0.0028115093030340182,-0.006302821474010635
2022-03-25,-0.001662146949143599,-0.00016214694914359895,-0.0024595928380848607
2022-03-28,1.358806648450641e-06,0.0015013588066484507,0.0013654321212508715
2022-03-29,-0.0016660517229545716,-0.0001660517229545716,0.0008955047974622695
2022-03-30,-0.0015848426835500377,-8.484268355003766e-05,-0.0057535884368783
2022-03-31,0.0015530843692143372,0.0030530843692143372,-0.0039902388183650755
2022-04-01,-0.0028987360035452867,-0.0013987360035452867,-0.002809613869169335
2022-04-04,-0.0031588441454947756,-0.0016588441454947755,-0.0009313636390284028
2022-04-05,0.00010014761194426921,0.0016001476119442692,-0.005868788572183063
2022-04-06,0.0022015951511432388,0.0037015951511432388,-0.0005930581940605793
2022-04-07,-0.005096812900420604,-0.003596812900420604,-0.00011892611235322795
2022-04-08,-0.006328444486118063,-0.004828444486118064,0.0004127632815770928
2022-04-11,-0.0031722998072313395,-0.0016722998072313394,-0.002268424233334411
2022-04-12,-0.003667232704721925,-0.0021672327047219248,-0.004815756324976229
2022-04-13,0.00038696299683722976,0.0018869629968372298,0.00022794431543200896
2022-04-14,0.0006214104087616953,0.0021214104087616953,-0.002614399230502508
2022-04-15,0.0020257247748181064,0.0035257247748181064,-0.005378551905240557
2022-04-18,-0.0016818354343306739,-0.00018183543433067384,-0.002688884474966817
2022-04-19,-0.002244813419281648,-0.000744813419281648,0.004620902104613108
2022-04-20,-0.0033713361836103226,-0.0018713361836103226,0.0032520815125401128
2022-04-21,-0.0016167437846263803,-0.00011674378462638024,-0.0013832562153736198
2022-04-22,-9.429774011489181e-05,0.0014057022598851082,-0.004670639607867356
2022-04-25,0.000497082921557633,0.001997082921557633,-0.005777150263579512
2022-04-26,-0.007438560363444589,-0.005938560363444589,0.00038295404742738756
2022-04-27,-0.00010442857783121576,0.0013955714221687843,-0.0010752042878702781
2022-04-28,-0.0030369302339725416,-0.0015369302339725416,-0.000611868438004272
2022-04-29,-0.005775654194443756,-0.0042756541944437565,0.004119492686265937
2022-05-02,0.0001729847149092036,0.0016729847149092036,-0.005957464732022686
2022-05-03,0.0030436872094423708,0.004543687209442371,-0.005350544565001168
2022-05-04,-0.0016016140882941774,-0.0001016140882941774,-0.002016822255098748
2022-05-05,-0.001027892155221226,0.0004721078447787741,-0.0023915802619761104
2022-05-06,-0.0026134587409690755,-0.0011134587409690755,-0.0002500533304011774
2022-05-09,0.0014804300889222368,0.002980430088922237,0.004739265993994742
2022-05-10,-0.0020477941110249435,-0.0005477941110249435,-0.00010829445609693159
2022-05-11,-0.0012475903836155476,0.0002524096163844525,-0.0011765896992475715
2022-05-12,0.0010986694561670603,0.0025986694561670604,0.0037915009016571285
2022-05-13,-0.002008542532486181,-0.0005085425324861809,0.00011459744841997707
2022-05-16,-0.0021565043107641944,-0.0006565043107641944,-0.001264096054785778
2022-05-17,-0.0008057386061845321,0.0006942613938154679,-0.0034367487823582913
2022-05-18,-0.0020929994218382695,-0.0005929994218382695,-0.0020920966829828976
2022-05-19,0.0004003013271354232,0.0019003013271354232,-0.0034665234966694256
2022-05-20,-0.0020744881519504177,-0.0005744881519504178,-0.00164773849626006
2022-05-23,-0.005576631901033384,-0.004076631901033384,-0.004166797115768782
2022-05-24,-0.00467491237015996,-0.00317491237015996,-0.0012657971085867623
2022-05-25,-0.0005862027164441051,0.000913797283555895,-0.0022723152059873617
2022-05-26,0.0015376608399838994,0.0030376608399838995,0.001632923883653979
2022-05-27,-0.0010266806943060023,0.0004733193056939977,0.006562169909622108
2022-05-30,0.0011658167837385893,0.0026658167837385893,-0.0009694169885731672
2022-05-31,-0.002883905323286564,-0.0013839053232865641,0.0008382612218775431
2022-06-01,0.0006835435882269494,0.0021835435882269494,-0.003712461518483172
2022-06-02,0.0033554736608336646,0.004855473660833665,0.000383070199263509
2022-06-03,0.0010144682669526186,0.0025144682669526186,-0.0009796763738378887
2022-06-06,-0.00526620753329579,-0.00376620753329579,-0.0061039618612232765
2022-06-07,0.0025668333545244017,0.004066833354524402,0.00017999218747097442
2022-06-08,-0.003993521541473739,-0.0024935215414737394,-0.002154081445860058
2022-06-09,-0.0007719729680580587,0.0007280270319419413,-0.0015394265177372788
2022-06-10,-0.0002892713068797085,0.0012107286931202915,0.00029818950056546964
2022-06-13,-0.00405251677511413,-0.0025525167751141303,0.0018653482591704114
2022-06-14,-0.004820106293628166,-0.0033201062936281667,-0.0022523904109596656
2022-06-15,0.0025648278032623013,0.004064827803262301,-0.0029441969065039176
2022-06-16,-0.0013808227939573652,0.00011917720604263474,-0.0006818927341526251
2022-06-17,-0.0022488621896747003,-0.0007488621896747001,-0.004787181717599785
2022-06-20,0.003388554304953843,0.004888554304953843,0.0018090608048476494
2022-06-21,0.0013386762046067235,0.0028386762046067235,-0.001373148428777577
2022-06-22,0.0012504504751477143,0.0027504504751477143,-0.0027921912752566767
2022-06-23,-0.0023871902171983526,-0.0008871902171983526,-0.0022969386329919615
2022-06-24,-0.0032495793019202816,-0.0017495793019202815,0.0008833043021292271
2022-06-27,-0.0015213082060095543,-2.1308206009554298e-05,-0.00034777004200329956
2022-06-28,-0.0005852354117139289,0.0009147645882860711,-0.0006704429886955619
2022-06-29,-0.004172108884180735,-0.002672108884180735,-0.0038348696567675187
2022-06-30,0.002049890305099293,0.003549890305099293,0.0027325950531362927
2022-07-01,-0.0014617833593263117,3.821664067368835e-05,0.002070257209118327
2022-07-04,0.0017771964901486955,0.0032771964901486955,0.00031160280395863124
2022-07-05,-0.0025025342573222185,-0.0010025342573222185,-0.0025025342573222185
2022-07-06,-0.0031425719391522376,-0.0016425719391522375,-0.0014068390124883355
2022-07-07,0.0021510807592954886,0.0036510807592954886,-2.072585775292216e-05
2022-07-08,-0.0001893946266475475,0.0013106053733524525,-0.002136675818910887
2022-07-11,0.0008084865741540145,0.0023084865741540145,-0.0038084865741540145
2022-07-12,9.434449459644464e-05,0.0015943444945964447,-0.00022067490969179685
2022-07-13,-0.005426165784664398,-0.003926165784664398,0.00020048593088725771
2022-07-14,0.0006016117175454984,0.0021016117175454985,-0.005648435211899226
2022-07-15,-0.0006861937726042448,0.0008138062273957553,-0.0005279922877088742
2022-07-18,-0.0035496606708628046,-0.0020496606708628046,0.000304193260777312
2022-07-19,-0.0003665386271065178,0.0011334613728934823,-0.0008355589385440469
2022-07-20,0.000830806993936077,0.002330806993936077,-0.0017789902551906393
2022-07-21,0.0006619855451481401,0.00216198554514814,8.336431935214569e-05
2022-07-22,-0.0017154063333166118,-0.00021540633331661174,-7.78602147196287e-05
2022-07-25,-0.003566322352018507,-0.002066322352018507,-0.004132606197275816
2022-07-26,-0.00010144332401230841,0.0013985566759876916,-0.006313162098084675
2022-07-27,-0.003517882376902605,-0.002017882376902605,-0.0009549406833816013
2022-07-28,-0.002259640088308436,-0.0007596400883084359,-0.002707153385302015
2022-07-29,-0.003172904117866858,-0.001672904117866858,-0.001747434435590721
2022-08-01,-0.0022495020071194014,-0.0007495020071194014,-0.003745100109173559
2022-08-02,-0.001373599167076757,0.000126400832923243,-0.004836408166739898
2022-08-03,-0.0019068010540279055,-0.00040680105402790545,0.0011345871994592762
2022-08-04,-0.0008680994574409282,0.0006319005425590718,-0.002528244390736871
2022-08-05,-0.0025093338963121923,-0.0010093338963121923,0.0009040803537090553
2022-08-08,-0.0060497637590741764,-0.004549763759074177,0.0023024763183968635
2022-08-09,-0.0022463780228795375,-0.0007463780228795375,-0.0009813579170274548
2022-08-10,-0.001493234737739739,6.7652622602609735e-06,-0.0026062983301137475
2022-08-11,-0.0017620097302099833,-0.0002620097302099833,0.001159145216232145
2022-08-12,-0.0034354470425667486,-0.0019354470425667486,-0.0032573556449301947
2022-08-15,-0.0026029656549295664,-0.0011029656549295663,0.001101970170738932
2022-08-16,-0.003572199428287199,-0.002072199428287199,-0.001437309228743687
2022-08-17,-0.0025280514303573213,-0.0010280514303573213,-0.003529060512629119
2022-08-18,-0.0030500771852064582,-0.0015500771852064582,0.0018873223472678099
2022-08-19,-7.279428540837721e-05,0.0014272057145916228,-0.003360584362554707
2022-08-22,-0.0009156100018267569,0.0005843899981732431,-0.0017908139780439662
2022-08-23,0.000758217193067416,0.002258217193067416,-0.00116473796060841
2022-08-24,-0.005618256231817302,-0.004118256231817302,-0.0004235376185724991
2022-08-25,-0.0005015896519952865,0.0009984103480047135,0.0006988209698237393
2022-08-26,-0.0023443118010019596,-0.0008443118010019596,0.0021228089867863105
2022-08-29,-0.0012003729497807023,0.0002996270502192977,-0.0017996270502192977
2022-08-30,-0.003574318550822088,-0.002074318550822088,-0.002524073656900673
2022-08-31,-0.0018830916099697296,-0.0003830916099697296,-0.0002876156451388904
2022-09-01,-4.896366258054594e-06,0.0014951036337419454,0.00028257105503740184
2022-09-02,-0.0006668687458779008,0.0008331312541220992,-0.005579120169074496
2022-09-05,-0.0008684121771040236,0.0006315878228959765,0.0007924019796086853
2022-09-06,0.001632244071857508,0.003132244071857508,0.0033017560900756595
2022-09-07,-0.002177527582282317,-0.0006775275822823168,-0.0037018369579351327
2022-09-08,0.0006621620726751111,0.002162162072675111,-0.0007552256012788847
2022-09-09,-2.6874521010576777e-05,0.0014731254789894233,-0.0018875766503630973
2022-09-12,0.0016632669978735733,0.0031632669978735733,-0.005407503650714003
2022-09-13,-0.0019457176491789728,-0.0004457176491789727,-0.00010266480539164327
2022-09-14,-0.0027738859561225585,-0.0012738859561225585,-0.003755421939931959
2022-09-15,-0.0034106432939852334,-0.0019106432939852334,-0.0019989379346121985
2022-09-16,0.0002547619542055228,0.0017547619542055228,-0.0005775803703379847
2022-09-19,-0.003763895633459153,-0.002263895633459153,-0.0009874505642343996
2022-09-20,-0.0008893470283310016,0.0006106529716689985,0.0003284884870646417
2022-09-21,-0.0025612836296423206,-0.0010612836296423206,-0.0007548682950435219
2022-09-22,0.00010648499787850726,0.0016064849978785073,-0.0011043283697041288
2022-09-23,-0.003055317348460525,-0.0015553173484605248,-5.7793521300293724e-05
2022-09-26,-0.0005083949119383938,0.0009916050880616062,-0.0011438311748017808
2022-09-27,-0.0034916060601766345,-0.0019916060601766344,-0.0018554300522661674
2022-09-28,-0.0021845201961805103,-0.0006845201961805103,-0.00540027280387703
2022-09-29,-0.0024794149763837496,-0.0009794149763837495,-0.0022720945080797043
2022-09-30,-0.004949815701633093,-0.003449815701633094,0.0014177293556254119
2022-10-03,-0.004107708465573274,-0.0026077084655732746,-0.002386872593426194
2022-10-04,0.00020673590781721115,0.0017067359078172112,-0.0080368663201157
2022-10-05,-0.004200185352144279,-0.00270018535214428,-0.004851448945487056
2022-10-06,-0.004193280558695568,-0.0026932805586955683,2.8708466407194235e-05
2022-10-07,-0.0039223723005105664,-0.002422372300510567,-0.0015586055638929773
2022-10-10,-0.00019799104943372817,0.0013020089505662719,-0.00038003649482627614
2022-10-11,-0.0013819128072605756,0.00011808719273942447,-0.000360596350643587
2022-10-12,-0.002988287053457424,-0.0014882870534574238,-0.005603130301241361
2022-10-13,-0.001058556360925471,0.0004414436390745291,-0.0034586902599737777
2022-10-14,0.0016139689123893393,0.0031139689123893394,-0.0007027054183742069
2022-10-17,0.0006625410112149912,0.002162541011214991,-0.0013645182641178187
2022-10-18,-0.0015161165503098499,-1.611655030984982e-05,0.0016593315952855444
2022-10-19,-0.0005164927483144164,0.0009835072516855836,-0.003916685264805068
2022-10-20,-0.0033192401638241394,-0.0018192401638241391,0.00011366904789176743
2022-10-21,-0.0031090182306262024,-0.0016090182306262024,-0.0008036937555577759
2022-10-24,-0.0019148048431204116,-0.00041480484312041155,-0.0032882399347751016
2022-10-25,0.0035822633503828096,0.00508226335038281,0.0035822633503828096
2022-10-26,0.0008641934451529428,0.002364193445152943,0.00041523010134601876
2022-10-27,-0.002796622823756907,-0.0012966228237569072,-0.0013876160226057991
2022-10-28,-0.003069074924803862,-0.0015690749248038621,-0.00022631911227095772
2022-10-31,-0.0011912666292384065,0.0003087333707615936,-0.000923305036890558
2022-11-01,-0.0062144463533406035,-0.004714446353340604,-0.0016633492407633747
2022-11-02,-0.0027903558955455613,-0.0012903558955455613,-0.0022713320864193435
2022-11-03,-0.0012637464122529627,0.0002362535877470373,-0.0017362535877470373
2022-11-04,-0.0010826205684256866,0.00041737943157431345,-0.0035491044600297465
2022-11-07,-4.916740225600772e-05,0.0014508325977439923,-0.003909122158003054
2022-11-08,-0.0016391906406900956,-0.00013919064069009557,-0.0009840411170642092
2022-11-09,-0.002895939523545428,-0.001395939523545428,-0.001621503303596518
2022-11-10,-0.001352785666704269,0.00014721433329573097,-0.0031377307712276968
2022-11-11,-0.0023155701666487797,-0.0008155701666487797,-0.002504989939043202
2022-11-14,0.0010572945417400433,0.0025572945417400433,-0.003310160105360989
2022-11-15,-0.0015897983360440558,-8.979833604405574e-05,0.00015722413275862232
2022-11-16,-0.0019543352707417764,-0.0004543352707417764,5.539616001353073e-05
2022-11-17,0.00043638634688814145,0.0019363863468881415,-0.004229457763262693
2022-11-18,-0.0010405021416174096,0.0004594978583825904,-0.0028731171090060612
2022-11-21,-0.001770744828584052,-0.0002707448285840519,-0.003957484752217492
2022-11-22,0.00013476051117403262,0.0016347605111740326,-0.0035461889812341816
2022-11-23,0.0008943365574409514,0.0023943365574409514,-0.0012145961976406925
2022-11-24,-0.005989691341707291,-0.0044896913417072914,-0.0032091230832873283
2022-11-25,-0.000990989980864275,0.000509010019135725,-0.0023270037520215768
2022-11-28,-0.00047353336078514866,0.0010264666392148514,-0.00011515407124246127
2022-11-29,-0.0020008555570598095,-0.0005008555570598094,-0.0009991444429401906
2022-11-30,-0.00434420009067382,-0.0028442000906738207,-0.0053165604509547975
2022-12-01,-0.003198140528561515,-0.0016981405285615148,0.001393338600648082
2022-12-02,-0.0035199156786187694,-0.0020199156786187694,-0.00500425328049149
2022-12-05,-0.003636137775311811,-0.002136137775311811,-0.00462843097995398
2022-12-06,-0.005461245782073991,-0.003961245782073991,0.000939745306349772
2022-12-07,-0.0013940859043139035,0.00010591409568609655,0.0010941339005911973
2022-12-08,-0.0010586401621569112,0.00044135983784308885,-0.004654174174849602
2022-12-09,0.0023538747273171164,0.0038538747273171164,-0.0008212365109416656
2022-12-12,-0.002164510757298814,-0.000664510757298814,-0.00035075904540607253
2022-12-13,0.00014093450431389284,0.0016409345043138929,-0.0016993545637370836
2022-12-14,-0.002366529790883294,-0.0008665297908832942,0.00325205404146585
2022-12-15,-0.002734728702562346,-0.001234728702562346,0.002639092583085771
2022-12-16,-0.001086902397163607,0.0004130976028363931,-0.004725362241564222
2022-12-19,0.001960142233381744,0.003460142233381744,-0.003794608804665213
2022-12-20,-0.0025525966117587438,-0.0010525966117587437,-0.00037356394906445803
2022-12-21,-0.003430737482224651,-0.001930737482224651,-0.00048521505923824907
2022-12-22,-0.0019288673358741474,-0.0004288673358741474,-0.00013470126087934556
2022-12-23,-0.0037699491158367502,-0.00226994911583675,0.0015589332568371763
2022-12-26,-0.001181318863609364,0.0003186811363906361,0.0002976763550468233
2022-12-27,-0.001188940300752324,0.00031105969924767607,0.0008038438613111195
2022-12-28,-0.004998236135705323,-0.0034982361357053238,-0.002150501156644834
2022-12-29,-0.0014594914840210652,4.050851597893479e-05,-0.006053416499466375
2022-12-30,0.0018341980295626683,0.0033341980295626683,-0.004634441239577595
2023-01-02,-0.0013824880055810355,0.00011751199441896454,-0.0049506683900817205
2023-01-03,0.0036277595535885317,0.005127759553588532,-0.0017668739879200383
2023-01-04,-0.0016805816034682606,-0.00018058160346826058,-0.0010885917508302021
2023-01-05,-0.002338486530330293,-0.000838486530330293,-0.002824245024578244
2023-01-06,-0.003669015341911454,-0.002169015341911454,-0.0035276005355929355
2023-01-09,0.0006115007749308717,0.0021115007749308717,-0.0014179445153239393
2023-01-10,-6.691195686218824e-05,0.0014330880431378118,-0.0008297875360142718
2023-01-11,-0.003238792807942674,-0.001738792807942674,-0.002431843046453912
2023-01-12,-0.0013440549489228252,0.00015594505107717482,-0.0026200114796359323
2023-01-13,-0.00011344536426119304,0.001386554635738807,-0.0012259555138043042
2023-01-16,-0.0002418394468117883,0.0012581605531882117,-0.00142497570026935
2023-01-17,-0.00013946670842827783,0.0013605332915717222,-0.0012346091105167726
2023-01-18,0.00014245075106218827,0.0016424507510621883,-0.0042650526209514605
2023-01-19,-0.0006261946953303997,0.0008738053046696004,0.00019117083522959951
2023-01-20,-0.0032211477750138788,-0.0017211477750138787,-0.005937907552813605
2023-01-23,0.0005068910467098688,0.002006891046709869,-0.002453231786729014
2023-01-24,-0.0039834960275382785,-0.002483496027538279,0.0009834960275382789
2023-01-25,-0.0013674382662431082,0.00013256173375689184,-0.0013653110660298549
2023-01-26,-0.00296091930775083,-0.0014609193077508298,0.00016332235027288885
2023-01-27,-0.003870615782043284,-0.002370615782043284,0.0006843855473262508
2023-01-30,-0.00244554291791131,-0.0009455429179113101,-0.0002428277777418845
2023-01-31,-0.0012204203534336004,0.00027957964656639966,-0.0010541809022756713
2023-02-01,0.00043424964400688845,0.0019342496440068885,0.0014093559475272673
2023-02-02,-0.001304139978060752,0.00019586002193924812,0.001009016787583862
2023-02-03,0.0011315094657943794,0.0026315094657943794,0.0008945937049493215
2023-02-06,-0.0009873749565690163,0.0005126250434309837,5.49283078955928e-06
2023-02-07,-0.006104701029455329,-0.00460470102945533,-0.00012722015973186266
2023-02-08,-0.005180972177853583,-0.0036809721778535837,-0.000631318762529988
2023-02-09,-0.0030668033280036714,-0.0015668033280036714,0.0011312361075902929
2023-02-10,-0.0030299416594106996,-0.0015299416594106996,-0.003266274490530656
2023-02-13,-0.0008149142087367071,0.0006850857912632929,-0.002185085791263293
2023-02-14,-0.0024947114742572074,-0.0009947114742572076,-0.0009008220675785944
2023-02-15,0.005057581924173606,0.0065575819241736055,0.0036062805582796078
2023-02-16,-0.002234119856817428,-0.0007341198568174279,-0.0030656975116096483
2023-02-17,-0.006672855810876342,-0.005172855810876342,-0.00346878651656085
2023-02-20,-0.0003691859809349788,0.0011308140190650212,-0.0010036452982853787
2023-02-21,0.0030372548609597107,0.004537254860959711,-0.0035825820694872766
2023-02-22,-0.002617478248489387,-0.001117478248489387,-0.0037105048410923506
2023-02-23,0.0010489247714548385,0.0025489247714548385,-0.0014597612584375378
2023-02-24,-0.002904670088912638,-0.001404670088912638,-0.0020693014598335683
2023-02-27,-0.00012912370928945408,0.001370876290710546,0.0015777508536862646
2023-02-28,-0.0015972560967106295,-9.725609671062951e-05,-0.0014471496980744112
2023-03-01,0.0025199545351859017,0.004019954535185902,7.091254170045599e-05
2023-03-02,-0.005710196398385518,-0.004210196398385518,-0.002575318971293343
2023-03-03,-0.002588497324593013,-0.001088497324593013,-0.0031190404241589185
2023-03-06,-0.0012792796620728062,0.0002207203379271938,-0.0046571275441001725
2023-03-07,-0.0019141158086480856,-0.0004141158086480856,-0.003923396239711883
2023-03-08,-0.0015240551166128117,-2.4055116612811678e-05,-0.0036562736843300096
2023-03-09,-0.0018331722073173366,-0.00033317220731733654,-0.0018331722073173366
2023-03-10,-0.005514449164587999,-0.004014449164587999,0.0007095668170904608
2023-03-13,-0.002655615536493154,-0.0011556155364931542,-0.001713434057956069
2023-03-14,-0.0012063576039965233,0.00029364239600347675,-0.001786990765761594
2023-03-15,-0.0027408176981252434,-0.0012408176981252433,-0.0003473542444144399
2023-03-16,-0.0012239738739613219,0.00027602612603867815,-0.00024400893032945495
2023-03-17,-0.001857079163582158,-0.00035707916358215797,-0.001857079163582158
2023-03-20,0.0018236179933298498,0.00332361799332985,-0.005310597701160087
2023-03-21,-0.003518669727018488,-0.002018669727018488,-0.0009047838961905434
2023-03-22,0.000162042796614388,0.001662042796614388,-0.0005071353861707804
2023-03-23,-0.0012341296110758419,0.00026587038892415815,-0.004612814092937413
2023-03-24,-0.00259899501751215,-0.00109899501751215,-0.00346729279559249
2023-03-27,-0.002522069817711871,-0.0010220698177118709,-0.0014099422849227342
2023-03-28,-0.0005132593754983276,0.0009867406245016724,-0.001956879828176285
2023-03-29,-0.0010418675085316618,0.00045813249146833823,-0.0007037666342085956
2023-03-30,-0.0015879731149217717,-8.797311492177162e-05,-0.0017690721349421083
2023-03-31,-0.0013233167912107256,0.00017668320878927446,-0.0009827090176939266
2023-04-03,-0.0011563324644545945,0.0003436675355454055,0.0006596502781112414
2023-04-04,-0.0026372354171077237,-0.0011372354171077237,-0.001789781969878583
2023-04-05,-0.0007280099253333104,0.0007719900746666897,-0.006022392700721578
2023-04-06,-0.0023105322464676823,-0.0008105322464676823,-0.003129354920727605
2023-04-07,-0.003847883273354237,-0.002347883273354237,-0.004943566919527033
2023-04-10,-0.0033502473806411985,-0.0018502473806411984,-0.003796056878249672
2023-04-11,0.0017598138837334478,0.003259813883733448,-0.0010504396843965245
2023-04-12,-0.005291428471171323,-0.0037914284711713236,-0.004826577821308449
2023-04-13,0.0009856796155524885,0.0024856796155524885,-0.003390756601960253
2023-04-14,-0.001319024778336063,0.0001809752216639371,-0.0005943185926798309
2023-04-17,-0.0017495441858011982,-0.0002495441858011982,-0.0004373366786686859
2023-04-18,0.0039590940810969606,0.00545909408109696,-0.0021542087072646803
2023-04-19,0.00010432601748757006,0.00160432601748757,-0.002062927430944729
2023-04-20,-0.00042935351435907524,0.0010706464856409248,-0.002773197558861988
2023-04-21,-0.0028371974263503978,-0.0013371974263503977,-0.0005531366437104127
2023-04-24,-0.0005231786267711745,0.0009768213732288256,-0.00422782599046803
2023-04-25,-0.00511440210827868,-0.0036144021082786804,-0.00511440210827868
2023-04-26,-0.0010978445011810127,0.0004021554988189874,-0.001757108450591556
2023-04-27,-0.001614871880550843,-0.00011487188055084308,-0.004623347948984139
2023-04-28,-0.00019787927029737843,0.0013021207297026216,9.575742956863384e-05
2023-05-01,-0.0017922342176232135,-0.00029223421762321344,-0.0005383523225499912
2023-05-02,-0.005468020915774897,-0.003968020915774898,-0.005152175485416261
2023-05-03,-0.0010623659705230174,0.0004376340294769826,-0.00045606283412245744
2023-05-04,0.0014163625054980935,0.0029163625054980935,0.0031456301862699833
2023-05-05,-0.0023124054246202717,-0.0008124054246202717,0.00044910134090778283
2023-05-08,-0.004471568835109059,-0.002971568835109059,-0.0006144571918165879
2023-05-09,0.00016262786459578368,0.0016626278645957837,-0.001579455805498202
2023-05-10,4.2646944151265766e-05,0.0015426469441512658,-0.0016637156614231195
2023-05-11,0.0017131079764329828,0.003213107976432983,-0.00037397793785676073
2023-05-12,0.0037549754018428873,0.005254975401842887,-0.0021337231220086373
2023-05-15,1.0548913684667836e-06,0.0015010548913684668,-0.005587696514227759
2023-05-16,-0.002904908489631651,-0.001404908489631651,0.0007548643856948047
2023-05-17,-0.002327001647603423,-0.0008270016476034231,-0.0020106702661604595
2023-05-18,-0.005584723500855674,-0.004084723500855675,0.0002635564166189332
2023-05-19,-0.003661687386011635,-0.002161687386011635,0.0006616873860116348
2023-05-22,-0.0025209678405834755,-0.0010209678405834754,0.00011111423774884518
2023-05-23,0.0003327181907511851,0.0018327181907511851,4.781522772096111e-05
2023-05-24,-0.0020672100048694506,-0.0005672100048694506,-0.001479578588995749
2023-05-25,0.0006860233407072077,0.0021860233407072077,-0.003786579592712598
2023-05-26,-0.0019910757020255424,-0.0004910757020255424,-0.0034153954307084415
2023-05-29,-0.0025618161995537973,-0.0010618161995537972,-0.0025618161995537973
2023-05-30,-0.0009645501233874463,0.0005354498766125537,0.0010099670724780254
2023-05-31,-0.0012684872331535494,0.0002315127668464506,0.0007065186440606982
2023-06-01,7.28480189123317e-05,0.0015728480189123317,-0.0019666905993986615
2023-06-02,0.0009083460027744807,0.0024083460027744807,-0.0015268459285619194
2023-06-05,-0.0025998729991166523,-0.0010998729991166523,-0.004465590426268122
2023-06-06,-0.0018907243726067509,-0.00039072437260675075,-0.0005224570268053848
2023-06-07,-0.0017694026090038215,-0.0002694026090038215,-0.0016976663601327977
2023-06-08,-0.005262353379299338,-0.003762353379299338,-0.00042348407518857803
2023-06-09,-0.0003047379974705209,0.0011952620025294791,-0.00032519651602047487
2023-06-12,0.002979969494862096,0.004479969494862096,-0.001318675690673786
2023-06-13,0.0034868001350740626,0.004986800135074063,-0.007001448071747058
2023-06-14,-0.0022902658398293156,-0.0007902658398293155,-0.003095738141430783
2023-06-15,0.0005012583068731854,0.0020012583068731854,-0.000998127706961656
2023-06-16,-0.0012185809191495298,0.0002814190808504702,-0.0008112632741321389
2023-06-19,-0.0012400995746420771,0.0002599004253579229,-0.002065596198517343
2023-06-20,0.0007782126174642758,0.002278212617464276,4.9603389034537284e-05
2023-06-21,0.00012378163655466087,0.001623781636554661,-0.001581507372340195
2023-06-22,-0.0005118499862090523,0.0009881500137909477,-0.0001673817080548438
2023-06-23,0.0002537935436468116,0.0017537935436468116,0.004484133438159609
2023-06-26,-0.0017963269217086534,-0.0002963269217086534,-0.0031886127102500176
2023-06-27,-0.0022715087479415878,-0.0007715087479415877,-0.0019101597217446435
2023-06-28,-0.0026369878971301956,-0.0011369878971301955,0.0031602848360536436
2023-06-29,0.0018303068026000887,0.0033303068026000887,-0.0009281526553042278
2023-06-30,-0.0003564372801205238,0.0011435627198794762,-0.004653177128779022
2023-07-03,-0.005441896071579645,-0.003941896071579645,0.000601226764076966
2023-07-04,8.468884974294341e-05,0.0015846888497429434,-0.004921252616881828
2023-07-05,0.0009717187262265766,0.0024717187262265766,-0.0006688027309151704
2023-07-06,-0.0001705768808490508,0.0013294231191509492,-0.001397483587079819
2023-07-07,0.00010822864441508004,0.00160822864441508,-0.0004607716776186947
2023-07-10,0.000739753093073768,0.002239753093073768,-0.002438919699111293
2023-07-11,-0.002544771122478916,-0.0010447711224789158,-0.0037301560810863985
2023-07-12,-0.003989633909902533,-0.0024896339099025333,-0.0030389976076386203
2023-07-13,-0.0009780362417605285,0.0005219637582394715,-0.0037393922333883015
2023-07-14,-0.004108538153008363,-0.0026085381530083634,-0.0009525569965739404
2023-07-17,-0.005557584436146982,-0.004057584436146983,0.0008396435769415247
2023-07-18,0.0013539669388025351,0.002853966938802535,-0.003076058061621491
2023-07-19,-0.0010357959909784845,0.0004642040090215155,0.00041497796971858144
2023-07-20,-0.003766316851503733,-0.002266316851503733,7.15498770236119e-05
2023-07-21,-0.0040958289397125935,-0.002595828939712594,-0.004849735719881022
2023-07-24,-0.0008692817867098344,0.0006307182132901656,-0.0007761627325428553
2023-07-25,-0.0023331380693881313,-0.0008331380693881313,0.004577201232181237
2023-07-26,0.00012635915455430765,0.0016263591545543077,0.0007796468978332484
2023-07-27,-0.0035466514235889383,-0.0020466514235889383,-0.0016593755430490535
2023-07-28,-0.0003854982600956084,0.0011145017399043916,-0.003253614734107442
2023-07-31,-0.003382073829026776,-0.0018820738290267758,0.00040510801940249605
2023-08-01,-0.0036210199844078765,-0.0021210199844078764,-0.0008731269013916424
2023-08-02,-0.0047953716037863175,-0.003295371603786318,-0.0047953716037863175
2023-08-03,-0.0051468679765976156,-0.0036468679765976155,-0.008427377600422465
2023-08-04,-0.0032366751416711124,-0.0017366751416711124,-0.003547250919215482
2023-08-07,-2.272272848604165e-05,0.0014772772715139584,-0.00115015890032242
2023-08-08,-0.00053998239773463,0.00096001760226537,-0.0008851351190738558
2023-08-09,-0.003564403202861706,-0.002064403202861706,-0.00057671876142716
2023-08-10,-0.0016851104640465396,-0.00018511046404653952,-0.0033967697611474988
2023-08-11,-0.0023394270578082203,-0.0008394270578082202,-0.004911055035941537
2023-08-14,-0.001233054920443065,0.00026694507955693503,-0.006274340556773393
2023-08-15,0.0006544476493861181,0.002154447649386118,-0.004590383835167728
2023-08-16,0.000600120876861164,0.002100120876861164,2.0186753691851713e-05
2023-08-17,-0.002363100593278557,-0.0008631005932785568,-0.0009749306470444156
2023-08-18,-0.0019931431070529374,-0.0004931431070529374,0.0006632041996267753
2023-08-21,-0.0020794368878719314,-0.0005794368878719314,-0.005358840206774932
2023-08-22,-0.0014550206955931248,4.4979304406875253e-05,-0.0016342310751665937
2023-08-23,-5.531933873914466e-05,0.0014446806612608554,0.0014189583878335423
2023-08-24,-0.002486016798678366,-0.0009860167986783658,-0.002486016798678366
2023-08-25,-0.0025771742022521736,-0.0010771742022521735,-0.0011239903490780343
2023-08-28,-0.0035011612911065152,-0.002001161291106515,-0.001721276968264919
2023-08-29,-3.0918457150515364e-05,0.0014690815428494847,-0.0003157025313892518
2023-08-30,0.0007307890156941234,0.0022307890156941235,-0.0032213568760654774
2023-08-31,-0.0014851831226546362,1.4816877345363855e-05,-0.003288167294838966
2023-09-01,-0.0004769271341374102,0.0010230728658625898,-0.0010187379943265005
2023-09-04,-0.005344922854022492,-0.0038449228540224922,-3.86485382599098e-05
2023-09-05,-0.0015072303431370574,-7.230343137057393e-06,5.540740844022082e-05
2023-09-06,-0.00011217404521739064,0.0013878259547826094,-5.294967927916986e-05
2023-09-07,-0.0001118247466301279,0.0013881752533698721,-0.00018854701897058493
2023-09-08,-0.004921441908236802,-0.0034214419082368025,-0.004043953033095333
2023-09-11,-0.0050584984096246465,-0.003558498409624647,0.002058498409624647
2023-09-12,-0.0030224612773418883,-0.0015224612773418883,-0.0022108006816710505
2023-09-13,-0.0016522447920301318,-0.00015224479203013175,-0.00014949420914417292
2023-09-14,-0.003227884838309421,-0.0017278848383094209,-0.00025578917757006084
2023-09-15,-0.003104399592306502,-0.0016043995923065019,0.0010573670611826887
2023-09-18,-0.0018815388246644902,-0.0003815388246644902,-0.0032695206500602246
2023-09-19,-0.0033147487251292116,-0.0018147487251292116,-0.0009274012019795928
2023-09-20,-0.0036961938034188817,-0.0021961938034188817,-0.0006884971848941274
2023-09-21,-0.0023672801448180445,-0.0008672801448180445,0.0016184740556303158
2023-09-22,-4.586755290668246e-05,0.0014541324470933176,-0.000370842763855335
2023-09-25,-0.003292885612414405,-0.001792885612414405,-0.0019867658926505786
2023-09-26,-0.0026546881139286453,-0.0011546881139286452,0.0002710148180163226
2023-09-27,-0.0020554954290618447,-0.0005554954290618447,-0.0020554954290618447
2023-09-28,0.0012954472720179424,0.0027954472720179424,-0.005884134658064364
2023-09-29,0.00038359933002253674,0.0018835993300225368,-0.004189555389232226
2023-10-02,-0.00110369761751941,0.00039630238248059,-0.0003847214642913586
2023-10-03,-0.002235228255666409,-0.0007352282556664091,-0.0032015939912114475
2023-10-04,-0.0003086429286466145,0.0011913570713533855,0.0004573126443183791
2023-10-05,0.002460568710423634,0.003960568710423634,-0.006578818968307252
2023-10-06,-0.003544665175920113,-0.002044665175920113,0.0029060458670986957
2023-10-09,-0.0003441497521672874,0.0011558502478327126,8.553762477495194e-05
2023-10-10,-0.0004274416725155426,0.0010725583274844575,-0.004896032262064502
2023-10-11,-0.0035266108802350913,-0.0020266108802350913,-0.0009822095229445869
2023-10-12,0.0015426097485022063,0.0030426097485022063,-0.002574877922041695
2023-10-13,-0.0021129882550087868,-0.0006129882550087867,-0.001317963612244412
2023-10-16,0.0011611732392379794,0.0026611732392379794,-0.0012354378966308297
2023-10-17,0.0002793418742885203,0.0017793418742885203,0.0018244923749063126
2023-10-18,-0.004649315852013209,-0.0031493158520132097,-0.0060618999954246255
2023-10-19,-0.0031536807823316624,-0.0016536807823316624,-0.0002311181710768482
2023-10-20,-0.004348184285086166,-0.0028481842850861666,0.00012293957403104868
2023-10-23,-0.0016802673463088267,-0.00018026734630882668,-0.000944513947125468
2023-10-24,-0.002086561504133401,-0.000586561504133401,-0.0034193856466157428
2023-10-25,-0.0021820934931194103,-0.0006820934931194104,-0.0013697308843555825
2023-10-26,-0.0010036842319514475,0.0004963157680485525,-0.0005603650860752222
2023-10-27,-0.003676216689493138,-0.002176216689493138,-0.00681192947018777
2023-10-30,-0.004010944569588127,-0.0025109445695881277,-0.0005491563406678905
2023-10-31,0.0008555438274635715,0.0023555438274635715,-0.001661075482549053
2023-11-01,0.001856338161700556,0.003356338161700556,-0.003594483890450166
2023-11-02,-0.00269359884911772,-0.0011935988491177199,0.001989110133821157
2023-11-03,0.0009580908589025285,0.0024580908589025285,-0.0028712592646424327
2023-11-06,0.00028126864214376665,0.0017812686421437667,-0.0008246698890435782
2023-11-07,0.00035769176650188436,0.0018576917665018844,-0.0015006458980360558
2023-11-08,-0.001031862763223103,0.0004681372367768971,-0.004122942591340313
2023-11-09,-0.0007917888004100996,0.0007082111995899004,-0.0006745635969991463
2023-11-10,-0.0014136649925144532,8.633500748554679e-05,-0.0005719528042682901
2023-11-13,0.0005521937236661347,0.0020521937236661347,-0.00020292261997686837
2023-11-14,-0.003670196493416224,-0.0021701964934162238,-0.0019233505297744495
2023-11-15,-0.0007357382773323777,0.0007642617226676224,-0.0036469909871388166
2023-11-16,-0.00060936622547393,0.0008906337745260701,0.0024272337245332828
2023-11-17,0.0025235897959695066,0.004023589795969507,-0.0014076278143027852
2023-11-20,0.0007459435431257252,0.002245943543125725,-0.0007671309818778186
2023-11-21,-0.0010798941747512517,0.0004201058252487483,-0.0016685994148818288
2023-11-22,-0.002077777423121706,-0.0005777774231217059,-3.956394841605907e-05
2023-11-23,0.0006538114922281664,0.0021538114922281665,0.0006538114922281664
2023-11-24,-0.003647253987280884,-0.002147253987280884,0.0017890281759584139
2023-11-27,0.0006943428424050504,0.0021943428424050504,-0.003991121994098344
2023-11-28,-0.0006131571828079372,0.0008868428171920628,-0.0010294873558801807
2023-11-29,0.002082449101372148,0.0035824491013721482,0.0024931714569205745
2023-11-30,-0.0014232250033705388,7.677499662946119e-05,-0.0037529171368677464
2023-12-01,0.002019209034813527,0.003519209034813527,0.0001808367695410422
2023-12-04,-0.0031906466207348287,-0.0016906466207348286,-0.0033384097896197854
2023-12-05,-0.002490263907648392,-0.0009902639076483921,5.843523748933063e-05
2023-12-06,-0.0018047917780172882,-0.0003047917780172882,-0.0033571647195141372
2023-12-07,-0.0015443088535464626,-4.430885354646252e-05,-0.0045492387751568785
2023-12-08,-0.005091854794652529,-0.0035918547946525298,-0.0003535878544181762
2023-12-11,-0.0022024401016589993,-0.0007024401016589993,-0.001067095337963188
2023-12-12,-0.0017667795184786576,-0.00026677951847865755,-0.0011043907148465385
2023-12-13,-0.001273579574358931,0.000226420425641069,-0.0006410929537251212
2023-12-14,-0.0009425555123843258,0.0005574444876156742,-0.004462960079253437
2023-12-15,-0.0037311057297198095,-0.0022311057297198095,-0.0037311057297198095
2023-12-18,-0.002356037311447372,-0.0008560373114473718,0.003122919850290841
2023-12-19,-0.004839645179225497,-0.0033396451792254978,0.0028825210356726873
2023-12-20,-0.00019505717038599416,0.0013049428296140059,-0.00012362198536379357
2023-12-21,-0.004409327953673393,-0.0029093279536733935,-0.005944939298451924
2023-12-22,-0.0021481824568908418,-0.0006481824568908418,-0.000860395420207534
2023-12-25,0.0011180728160454802,0.0026180728160454803,-0.0059971354728948194
2023-12-26,-0.0018172287921743567,-0.0003172287921743566,-0.0019627797847848447
2023-12-27,-0.0029577012243570525,-0.0014577012243570525,-2.245685410724816e-06
2023-12-28,-0.0026584808044224904,-0.0011584808044224904,-0.0007160941459427015
2023-12-29,-0.00146222505876102,3.777494123897995e-05,0.0016720654287917121
2024-01-01,-0.000883520678905124,0.000616479321094876,-0.00537099064168736
2024-01-02,-0.0021907986963671786,-0.0006907986963671786,0.00024864176823483205
2024-01-03,-0.004957300498262663,-0.0034573004982626637,-0.004546488922649567
2024-01-04,-0.002849523703823116,-0.0013495237038231161,-0.003045865743770622
2024-01-05,-0.0021914002393993424,-0.0006914002393993424,0.0013286981528437282
2024-01-08,-0.0024744609587126474,-0.0009744609587126474,-0.0044334942419071415
2024-01-09,-0.0010127139848451886,0.0004872860151548114,-0.0006079234422812067
2024-01-10,-0.00033907807001132143,0.0011609219299886786,0.00022252758238164435
2024-01-11,-0.0021192770886916943,-0.0006192770886916943,-0.0032655521583920253
2024-01-12,-0.0015103045066623814,-1.0304506662381363e-05,0.005257643668150002
2024-01-15,-0.00021515317056772102,0.001284846829432279,0.0008800231042928055
2024-01-16,-0.0007635823609062607,0.0007364176390937394,-0.002784949786066386
2024-01-17,-3.6059709378920366e-05,0.0014639402906210797,-0.0011162495859285125
2024-01-18,-0.002683351634261018,-0.0011833516342610179,-0.0018206012228001293
2024-01-19,-0.004285431713377056,-0.0027854317133770568,-0.002235894622789335
2024-01-22,0.0007292071090114496,0.0022292071090114496,0.0007292071090114496
2024-01-23,-0.006184144881772933,-0.004684144881772934,0.0016439709214642341
2024-01-24,-0.0032636078079744378,-0.0017636078079744377,-0.002093921156552074
2024-01-25,-0.003308284116458489,-0.001808284116458489,-0.0030287031210621943
2024-01-26,0.0018871336058677176,0.0033871336058677176,-0.0029477602830868936
2024-01-29,-0.0012539703641656894,0.0002460296358343106,-0.0017460296358343106
2024-01-30,-0.0020668131832080037,-0.0005668131832080037,-0.0009572902790794245
2024-01-31,-0.0036037005092582467,-0.0021037005092582467,0.0011758221490670447
2024-02-01,-0.004111727876901698,-0.0026117278769016983,-0.002306501458274933
2024-02-02,-0.0017562839800406697,-0.00025628398004066966,-0.0016335155982331998
2024-02-05,-0.0023989230594626807,-0.0008989230594626807,-0.003417881586371545
2024-02-06,-0.0003230601533337888,0.0011769398466662112,-0.0041473722035778714
2024-02-07,0.001662791348857922,0.003162791348857922,-0.003799288988496499
2024-02-08,0.001710536069377587,0.003210536069377587,-0.0020548060098605062
2024-02-09,-0.0007706828072376452,0.0007293171927623548,-0.0030848023133853
2024-02-12,-0.002612521704118255,-0.001112521704118255,-0.0047536856554924855
2024-02-13,0.0017254626782876327,0.0032254626782876328,-0.0025367805644067585
2024-02-14,-0.000542721297248082,0.0009572787027519181,-0.0023109874569155185
2024-02-15,-0.002521466203369237,-0.0010214662033692368,-0.0023322832282999238
2024-02-16,-0.00329756698878783,-0.0017975669887878298,-1.3782664572469048e-05
2024-02-19,0.004994277369281002,0.006494277369281001,-0.0033531727124034142
2024-02-20,-0.005825198721086035,-0.004325198721086035,-0.007458414135427728
2024-02-21,-0.0026127451189310994,-0.0011127451189310994,-0.0067031771413234974
2024-02-22,-0.00044366090750791324,0.0010563390924920868,-0.004159055107367025
2024-02-23,0.0007685211285203982,0.0022685211285203982,-0.00040838176354547487
2024-02-26,0.0004976870353911741,0.001997687035391174,-0.002318691810831926
2024-02-27,0.0016677842249776267,0.0031677842249776267,-0.0011739405009759383
2024-02-28,-0.0028258896456496694,-0.0013258896456496694,-0.0007063669692025641
2024-02-29,0.0023252137536270575,0.0038252137536270575,-9.847538561176409e-05
2024-03-01,-0.00048631427276610165,0.0010136857272338984,-0.0021873853856705914
2024-03-04,-0.003957722369028206,-0.0024577223690282063,-0.0007636242948836484
2024-03-05,-0.0020781297502374106,-0.0005781297502374105,-0.0003491745729396465
2024-03-06,-0.003727436061656485,-0.0022274360616564848,-0.0020575355266538482
2024-03-07,-0.00231243876840921,-0.0008124387684092099,-0.0022307760977682126
2024-03-08,-0.001917803489856941,-0.00041780348985694105,0.0020455253507131606
2024-03-11,-0.004001877116429893,-0.002501877116429893,-0.002740513364059795
2024-03-12,-0.0018549258582471599,-0.00035492585824715983,-0.002975574920853137
2024-03-13,-0.0009730621721830502,0.0005269378278169499,-0.004035032346186388
2024-03-14,0.001792532102343773,0.003292532102343773,0.00019957839959959664
2024-03-15,-0.004605775597889978,-0.0031057755978899787,-0.0009131570458033992
2024-03-18,-0.0008606058818675087,0.0006393941181324914,-0.0017178224494515935
2024-03-19,-0.0011627522492710083,0.0003372477507289917,-0.0012894649358292085
2024-03-20,0.0007861376931711669,0.002286137693171167,-0.0019369869605907323
2024-03-21,0.0017630223700687855,0.0032630223700687855,-0.0004888398694067584
2024-03-22,-0.0024698896396843995,-0.0009698896396843997,-0.0028716185619377744
2024-03-25,0.00224945675278264,0.00374945675278264,-0.0007664195426383817
2024-03-26,-0.0019614523036945845,-0.00046145230369458445,-0.002309667798360378
2024-03-27,-0.0005964298290682297,0.0009035701709317703,-0.003572652744358583
2024-03-28,-0.0012265617489347611,0.0002734382510652389,-0.0016177875458977795
2024-03-29,-4.9427822884305726e-05,0.0014505721771156943,0.0009214062457060536
2024-04-01,-0.0008419880586265209,0.0006580119413734792,-0.0006238981584515261
2024-04-02,0.0012018923898641383,0.0027018923898641384,-0.0033042871074780004
2024-04-03,-0.005385573983907889,-0.003885573983907889,-0.007609327889016066
2024-04-04,-0.000845243872440503,0.0006547561275594971,0.0014578392382684781
2024-04-05,-0.0011584613805476333,0.00034153861945236674,0.00030663183008845926
2024-04-08,-9.215726137044942e-06,0.001490784273862955,-0.0017051746933293408
2024-04-09,0.002209340585514184,0.0037093405855141842,-0.0022110440086090936
2024-04-10,-0.0014751135431245442,2.4886456875455876e-05,7.397504841547128e-05
2024-04-11,-0.0031773282365445536,-0.0016773282365445535,0.000758486374593735
2024-04-12,0.0024015548101259956,0.0039015548101259956,0.005800722305443791
2024-04-15,-0.0037564337311784164,-0.0022564337311784164,-0.0005627328762573904
2024-04-16,-0.004751985251689071,-0.0032519852516890713,-0.0010734861914907788
2024-04-17,-0.0014767845981908932,2.321540180910686e-05,-0.0020229336754006275
2024-04-18,7.778849774865834e-05,0.0015777884977486584,-0.002627376612619843
2024-04-19,-0.0007119205199009313,0.0007880794800990687,-0.0005049495688037573
2024-04-22,-0.004297038547115979,-0.002797038547115979,0.00030792384383103574
2024-04-23,-0.0028332050979758398,-0.0013332050979758397,0.0002268644005520722
2024-04-24,-0.0031942961199125917,-0.0016942961199125917,-0.0016567231796779367
2024-04-25,-0.004079048565100786,-0.002579048565100786,-0.003795878224366124
2024-04-26,-0.00013789112019300812,0.001362108879806992,-0.0037278195924722716
2024-04-29,-0.0031883147559342837,-0.0016883147559342837,-0.0011800706704862538
2024-04-30,0.0007039792803071334,0.0022039792803071334,-0.0017348682655400891
2024-05-01,-0.0017706056309389102,-0.0002706056309389101,-0.0008892838722896466
2024-05-02,0.002738408860110926,0.004238408860110926,-0.0014017959534781397
2024-05-03,-0.003139756210874588,-0.0016397562108745878,-6.099618644611485e-05
2024-05-06,-0.0007599475930626363,0.0007400524069373637,0.0029793770453786796
2024-05-07,-0.000154438515274176,0.001345561484725824,-0.0011056884336149556
2024-05-08,-0.001861863672333998,-0.00036186367233399797,0.0020947948918588906
2024-05-09,-0.003749211296144235,-0.002249211296144235,0.00035398478822589027
2024-05-10,-0.0002652420450261286,0.0012347579549738714,-0.0017132916636976381
2024-05-13,-0.004813367312426762,-0.0033133673124267626,0.0014017700409120217
2024-05-14,-0.000585945313222687,0.000914054686777313,-0.0010487579590731226
2024-05-15,-0.002144360751840503,-0.0006443607518405031,-0.0014958658574014253
2024-05-16,-0.005342336368617721,-0.0038423363686177214,0.0010886814881680986
2024-05-17,0.0010012185573482365,0.0025012185573482365,-0.0016950583433119463
2024-05-20,-0.0014750753112432445,2.4924688756755575e-05,-0.0018402492125879064
2024-05-21,-0.0034924800092038925,-0.0019924800092038925,-0.003497187503166367
2024-05-22,-0.00281799172058783,-0.00131799172058783,-0.0005563551457480318
2024-05-23,0.0001318952302191297,0.0016318952302191297,0.00046460078280756564
2024-05-24,-0.0018301709812876253,-0.00033017098128762523,0.0014553916841394134
2024-05-27,-0.0003337625706233958,0.0011662374293766042,-0.0013255868370892197
2024-05-28,-0.004821649444061866,-0.0033216494440618666,-0.0031607811328185757
2024-05-29,-0.0022257926812061083,-0.0007257926812061083,-0.0026368236130548243
2024-05-30,-0.0006199752354247149,0.0008800247645752851,-0.0030163973910453516
2024-05-31,-0.0017336990074222056,-0.00023369900742220562,-0.0033100099327372776
2024-06-03,-0.0009331308780054352,0.0005668691219945649,-0.0034605382606350114
2024-06-04,-0.001748144450455512,-0.0002481444504555119,-0.001748144450455512
2024-06-05,-0.002575588589445911,-0.001075588589445911,-0.000649488930210758
2024-06-06,-0.0018374981170081448,-0.0003374981170081448,-0.0032959338882165
2024-06-07,-0.0013041560191748972,0.0001958439808251028,0.0008994647404890629
2024-06-10,0.0022215039795145954,0.0037215039795145954,-0.0009759138841414481
2024-06-11,-0.0003592231911440772,0.0011407768088559228,-0.0026812598718064643
2024-06-12,-0.0014385070007106719,6.149299928932817e-05,-0.0030049206152115275
2024-06-13,-0.0015326225400618802,-3.2622540061880145e-05,-0.0032757007069473946
2024-06-14,-0.0035846624228077066,-0.0020846624228077065,0.0005188610708673088
2024-06-17,-0.0018495549574454582,-0.00034955495744545817,-0.0017951526447634023
2024-06-18,-0.003790756564493554,-0.002290756564493554,-0.004674389958110077
2024-06-19,-0.005181213687837886,-0.0036812136878378865,-0.0021686032996741087
2024-06-20,0.0005061015519028668,0.002006101551902867,-0.00043836789118362066
2024-06-21,-0.0008422917288571211,0.0006577082711428789,-0.004229314670200613
2024-06-24,-0.0032461251294338676,-0.0017461251294338676,-0.0032461251294338676
2024-06-25,-0.0019980934329942427,-0.0004980934329942427,0.0002651096950146855
2024-06-26,-0.0015406659379438707,-4.0665937943870634e-05,0.0008910918442375667
2024-06-27,-0.003975755983517749,-0.0024757559835177495,-0.00117290486734732
2024-06-28,-0.000958436200153566,0.000541563799846434,-0.0018488471045340058
2024-07-01,0.0008256659951030323,0.0023256659951030323,-0.002264288567781324
2024-07-02,-0.0008097269769517927,0.0006902730230482074,-0.002267034583210882
2024-07-03,0.0001222055290306819,0.001622205529030682,-0.000605401497106041
2024-07-04,0.0017484487142095675,0.0032484487142095675,-0.00025485305184485977
2024-07-05,-0.0023689357363242945,-0.0008689357363242944,-0.0036657404223601462
2024-07-08,0.0016129335063087848,0.003112933506308785,-0.0026125459833642992
2024-07-09,0.0013241569703723879,0.002824156970372388,-0.0010406252416773885
2024-07-10,-0.003402826704141894,-0.001902826704141894,0.0002820185129776705
2024-07-11,-0.0009843091558155563,0.0005156908441844438,0.0006293184978668916
2024-07-12,0.0004011442011522411,0.0019011442011522411,-0.0025411602760442146
2024-07-15,-0.002588996037069287,-0.001088996037069287,-0.0020634543872327786
2024-07-16,-0.0036113496847062347,-0.0021113496847062346,-0.0025370400050924295
2024-07-17,-0.0005628675376806156,0.0009371324623193844,-0.005416926656752889
2024-07-18,-0.0023118457161675197,-0.0008118457161675197,-0.0022936046665777963
2024-07-19,-0.005479849529723092,-0.003979849529723092,-0.005495663409413971
2024-07-22,-0.000480322833853171,0.001019677166146829,0.0003033432264362853
2024-07-23,0.0015249420607304789,0.003024942060730479,-0.0022030676786922152
2024-07-24,-0.0017287155210213415,-0.00022871552102134152,0.00019803483551746178
2024-07-25,8.081654106601019e-05,0.0015808165410660102,-0.0024973411107203068
2024-07-26,-0.004240722834701864,-0.002740722834701864,-0.0006953486969892273
2024-07-29,-0.000742008749489638,0.000757991250510362,-0.0005323974876827024
2024-07-30,-0.00027067226851681817,0.0012293277314831819,-0.0015609534471849582
2024-07-31,-0.004351300588814609,-0.0028513005888146092,-0.002602137857942248
2024-08-01,-0.0006994906842453922,0.0008005093157546078,0.0004174403650143584
2024-08-02,-0.0007755748087441131,0.0007244251912558869,-0.00018368950259374387
2024-08-05,0.001667708268802541,0.003167708268802541,-0.0015547016047978272
2024-08-06,0.0006719379218958132,0.0021719379218958132,0.004445736107383915
2024-08-07,-0.004515756597392602,-0.003015756597392602,-0.0022867595073674377
2024-08-08,9.005476040409213e-06,0.0015090054760404092,-0.0006357664713866049
2024-08-09,0.0013516051708747242,0.002851605170874724,0.0011369245464895746
2024-08-12,-0.006674903147410786,-0.0051749031474107865,-0.0056096197447320344
2024-08-13,9.578792951964307e-05,0.001595787929519643,-0.0010976881299809547
2024-08-14,0.0016126210766828505,0.0031126210766828505,-0.003340734857775514
2024-08-15,-0.0031789674287252255,-0.0016789674287252254,0.00020386090336846482
2024-08-16,-0.0009875270877584955,0.0005124729122415045,-0.0012119699606647064
2024-08-19,-0.0019790958027236503,-0.00047909580272365027,-0.0020995819003035696
2024-08-20,-0.001279227612983194,0.00022077238701680618,-0.0033328588162362936
2024-08-21,0.0006586713145994398,0.00215867131459944,0.00045039401037768375
2024-08-22,-0.001997686036207881,-0.0004976860362078811,-0.0023369680111616346
2024-08-23,-0.0026139140950714444,-0.0011139140950714443,-0.0009161486657910654
2024-08-26,0.0015720800479125025,0.0030720800479125026,-0.004536205485355214
2024-08-27,0.0011765511466362995,0.0026765511466362996,-0.002743625259565298
2024-08-28,-0.001511895195186712,-1.1895195186711893e-05,-0.0026002376385414736
2024-08-29,-0.004492685951962809,-0.002992685951962809,-0.0010981909922158626
2024-08-30,-0.00360505374659202,-0.00210505374659202,-0.002124447303720202
2024-09-02,-0.0022943868138536453,-0.0007943868138536453,-0.0009177506654235849
2024-09-03,0.002212040139518577,0.003712040139518577,0.002212040139518577
2024-09-04,-0.0032865055531117356,-0.0017865055531117355,-3.154837556094384e-05
2024-09-05,-0.0034077506540229883,-0.0019077506540229883,-0.001626571385501123
2024-09-06,-0.0055119495079593,-0.0040119495079593,-0.002433988349025194
2024-09-09,-0.0017478325571509215,-0.0002478325571509214,0.0001871402612481656
2024-09-10,0.0015005678685695591,0.003000567868569559,-0.004110502728349117
2024-09-11,-0.002115878259860994,-0.0006158782598609941,-3.731079201905888e-05
2024-09-12,3.4496961863696076e-05,0.001534496961863696,-0.0026114155631953282
2024-09-13,-0.0006321771227472948,0.0008678228772527052,-0.004690661654819543
2024-09-16,-0.002894983404112593,-0.001394983404112593,-0.003001980112915413
2024-09-17,-0.005564344812040043,-0.004064344812040044,-0.005382509863723515
2024-09-18,0.0025661326097165134,0.0040661326097165135,-0.001154239487061072
2024-09-19,-0.001768033166625492,-0.00026803316662549214,-0.001868020297650188
2024-09-20,-8.634029609269492e-05,0.0014136597039073051,-0.0023222959087348103
2024-09-23,-0.0023238362710452224,-0.0008238362710452224,0.0005596800516997221
2024-09-24,0.00021731166978074387,0.001717311669780744,-8.939264753217305e-05
2024-09-25,-0.002310757862640954,-0.000810757862640954,0.0019821687770982823
2024-09-26,-0.003853470672506075,-0.002353470672506075,-0.003910287664126403
2024-09-27,-0.0011118476820993887,0.00038815231790061133,0.0002620482070734161
2024-09-30,-0.0005962677927819891,0.000903732207218011,0.00029769504677818045
2024-10-01,-0.0004382034199577321,0.001061796580042268,-0.002770622933191412
2024-10-02,-0.0025314343110266605,-0.0010314343110266605,-0.00327170264136077
2024-10-03,0.0009218482701288679,0.002421848270128868,-0.0021912925725529318
2024-10-04,-0.0001940874779426797,0.0013059125220573203,-0.006656714002318915
2024-10-07,-0.0019988123449402027,-0.0004988123449402027,0.002307454510202618
2024-10-08,0.002374759033936609,0.003874759033936609,-0.006066161521496414
2024-10-09,-0.0019237825387763822,-0.00042378253877638217,-0.00037343395917051195
2024-10-10,0.00098560138154591,0.00248560138154591,0.000361451535806774
2024-10-11,0.0003687360279203424,0.0018687360279203424,-0.0009797217823898905
2024-10-14,-0.0020750735675653512,-0.0005750735675653512,-0.002424077246764396
2024-10-15,-0.001065651532727209,0.00043434846727279097,-0.0012914529663510658
2024-10-16,-0.004683612840660016,-0.003183612840660016,-0.0008245286720088827
2024-10-17,-0.0011496560635751566,0.0003503439364248434,-0.002488745461331972
2024-10-18,-0.003731650642203334,-0.002231650642203334,-0.003282490495123204
2024-10-21,-0.0033022606528439317,-0.0018022606528439317,0.000342829828996681
2024-10-22,-0.00016703446603129205,0.001332965533968708,-0.00031167329855284623
2024-10-23,0.00026634535755337826,0.0017663453575533783,-6.337611147988345e-05
2024-10-24,-0.001058208556084904,0.00044179144391509606,-0.002147119619914177
2024-10-25,-0.0029999640915646234,-0.0014999640915646234,-0.0019243978122861897
2024-10-28,-0.0023733041706875805,-0.0008733041706875805,-0.002163788698243531
2024-10-29,-0.002894735056176724,-0.001394735056176724,0.0011562374243069148
2024-10-30,-0.0023993180488682667,-0.0008993180488682667,-0.0038085918493478547
2024-10-31,0.002228281585715823,0.003728281585715823,-0.00041275103902422986
2024-11-01,-0.001521473140549927,-2.1473140549926883e-05,-0.00038821241667094534
2024-11-04,-0.0017527045281038587,-0.0002527045281038587,-0.004337638574325729
2024-11-05,-0.0007934794786290237,0.0007065205213709763,0.001953170359331778
2024-11-06,-0.004607148337716997,-0.0031071483377169973,0.0021205591452930508
2024-11-07,0.0006643926863567503,0.0021643926863567503,-0.0014026160477910291
2024-11-08,-0.0008853967050626841,0.0006146032949373159,-0.002703701422601816
2024-11-11,-0.003764703229102133,-0.002264703229102133,0.0011337565419845832
2024-11-12,6.18654316161967e-05,0.0015618654316161967,-0.0030618654316161968
2024-11-13,0.00021097018603591497,0.001710970186035915,-0.0012064871374546358
2024-11-14,-0.0016387244143322003,-0.00013872441433220029,-0.0005518338290613615
2024-11-15,-0.0053325548442565785,-0.0038325548442565784,0.000494239966402763
2024-11-18,-0.0005089533913913134,0.0009910466086086867,-0.006019886798727529
2024-11-19,-0.0035854280451088336,-0.0020854280451088336,0.00042943121714786444
2024-11-20,0.0006042521776658829,0.002104252177665883,-0.003564081568705467
2024-11-21,-0.0001736424220841041,0.001326357577915896,-9.357832755914211e-05
2024-11-22,0.0006373164711010472,0.0021373164711010473,-0.002206977749039661
2024-11-25,-0.0043878592004929756,-0.002887859200492976,-0.0003338269679925552
2024-11-26,-0.0008726510542065983,0.0006273489457934017,-0.001572941705142729
2024-11-27,-0.004625098691839745,-0.003125098691839745,0.0026184736919443743
2024-11-28,-0.0010900572203461898,0.0004099427796538102,-0.001095370570333569
2024-11-29,-0.0015834752645152426,-8.347526451524256e-05,-4.239973537189948e-05
2024-12-02,0.0010863669324668048,0.002586366932466805,-0.0028264926998324822
2024-12-03,0.00041898572494048067,0.0019189857249404807,0.000671500335245935
2024-12-04,-0.0002626747520317039,0.0012373252479682961,-0.003757981701353745
2024-12-05,-0.002331662631623528,-0.0008316626316235282,1.1775605335260977e-05
2024-12-06,0.0025925808102352245,0.004092580810235225,-0.0014384453065939538
2024-12-09,-0.004214035387127902,-0.0027140353871279027,-0.003856080335377389
2024-12-10,-0.0011427908109603855,0.0003572091890396145,0.0010032123083239543
2024-12-11,-0.0029436388098555825,-0.0014436388098555825,-0.0024826997224243323
2024-12-12,-0.003098116923648349,-0.001598116923648349,0.002163561979775673
2024-12-13,-0.0009132869213026571,0.0005867130786973429,7.991988258709967e-05
2024-12-16,-0.0010912926728781206,0.0004087073271218794,0.00018783617408783945
2024-12-17,-0.004045271373499552,-0.0025452713734995525,0.0007113764140419267
2024-12-18,0.0010923195874237165,0.0025923195874237165,-0.0016277781989676291
2024-12-19,0.001212668924285011,0.002712668924285011,-0.003946444091025512
2024-12-20,-0.0005160355519436542,0.0009839644480563459,5.971007937311109e-05
2024-12-23,5.387943534730785e-05,0.0015538794353473079,-0.0010289241694764598
2024-12-24,-0.0010061122464490578,0.0004938877535509423,-0.003351819255086762
2024-12-25,-0.004165184410483412,-0.002665184410483412,-5.027802926574213e-05
2024-12-26,-0.0037117743245876343,-0.0022117743245876342,0.000703448446936429
2024-12-27,-0.005275022133353664,-0.0037750221333536643,-0.0014680435407854035
2024-12-30,-0.00023027033063463412,0.001269729669365366,-0.0019057037156549592
2024-12-31,-0.0012789275656699577,0.0002210724343300423,-0.0003452165373917038
2025-01-01,-0.004903337618161288,-0.0034033376181612876,-0.006433648374004709
2025-01-02,-0.0024733422007825316,-0.0009733422007825315,-0.00443352736869186
2025-01-03,-0.00522412983075919,-0.0037241298307591902,-0.0038039193429908872
2025-01-06,0.0011102607128652283,0.0026102607128652283,-0.0003806575860516707
2025-01-07,-0.0030002819530800516,-0.0015002819530800515,-0.002946561026816229
2025-01-08,-0.00020584475594753607,0.001294155244052464,-0.0019880463335071306
2025-01-09,0.00023067591637647563,0.0017306759163764757,-0.0019169330127391097
2025-01-10,0.0004535923071980119,0.001953592307198012,0.0009821930696931615
2025-01-13,-0.00478197386177026,-0.0032819738617702603,-0.00478197386177026
2025-01-14,-0.004399318558725291,-0.002899318558725291,-0.003100981688107017
2025-01-15,-9.793704972250886e-05,0.0014020629502774912,0.0007146719544245269
2025-01-16,-0.004277537933986287,-0.0027775379339862877,-0.004542714890423695
2025-01-17,-0.0022326472556944824,-0.0007326472556944824,-0.0013353320013536744
2025-01-20,-0.0025082487428943604,-0.0010082487428943604,2.583527026857454e-05
2025-01-21,-0.0009197192888439746,0.0005802807111560254,0.00013380300541370035
2025-01-22,0.0013050584211933849,0.002805058421193385,-0.0043050584211933845
2025-01-23,-0.0017415882306043976,-0.0002415882306043976,0.000900659758413512
2025-01-24,0.0018299884946328545,0.0033299884946328545,-0.0036599299363983943
2025-01-27,-0.0002352661840319529,0.0012647338159680471,0.0007830875192651062
2025-01-28,-0.002252558506368642,-0.0007525585063686419,-0.0007474414936313582
2025-01-29,-0.0015926442047381599,-9.264420473815982e-05,-0.002440524663683287
2025-01-30,-0.001694763026529099,-0.00019476302652909894,0.001986099150577515
2025-01-31,-0.0031365444959467457,-0.0016365444959467457,-0.0048256428127408085
2025-02-03,-0.008682739902766022,-0.007182739902766022,-0.00227054504253099
2025-02-04,-0.004277251663733507,-0.002777251663733507,-0.0008620288893346887
2025-02-05,-0.0004906060897724566,0.0010093939102275434,-0.0002917105623428799
2025-02-06,-0.0026385609863713287,-0.0011385609863713286,-0.002883643942740098
2025-02-07,0.0005704050322925731,0.002070405032292573,0.002652861894078763
2025-02-10,-0.004848744389024799,-0.003348744389024799,-0.002767318642738907
2025-02-11,-0.002089310431871229,-0.0005893104318712289,-0.0021494629930481194
2025-02-12,-0.003869264155359832,-0.002369264155359832,-0.0016233088034335167
2025-02-13,-0.0008838729296843082,0.0006161270703156918,-0.0012567210187976728
2025-02-14,-0.001103584852411034,0.000396415147588966,-0.0028068080179017977
2025-02-17,0.0007315341270552763,0.0022315341270552763,-0.0011621915138361597
2025-02-18,-0.001604649246876587,-0.00010464924687658694,0.0017654538300587732
2025-02-19,-0.0006526916602880976,0.0008473083397119024,-0.0001702571276251245
2025-02-20,-0.0015904225408416837,-9.042254084168366e-05,-0.005344600632382733
2025-02-21,0.003753554275849656,0.005253554275849656,-0.004227588574526082
2025-02-24,-0.002072006085731297,-0.000572006085731297,-0.00033839368806004447
2025-02-25,-0.0040473395887674745,-0.002547339588767475,-0.000488380009557822
2025-02-26,-0.00044089982177225465,0.0010591001782277454,-0.003131696375204217
2025-02-27,-0.001142214605994256,0.00035778539400574405,-0.003600021799056967
2025-02-28,-0.00010517797881194483,0.0013948220211880552,-0.002560862634250967
2025-03-03,-0.0015536724236880893,-5.367242368808922e-05,-0.0018152348341110834
2025-03-04,-0.0016481089962651616,-0.0001481089962651616,-0.0007268161435911012
2025-03-05,-0.0007925493004547466,0.0007074506995452534,-0.0011608062965510744
2025-03-06,-0.005507758456534449,-0.004007758456534449,-0.0035754124066687807
2025-03-07,-0.0025050177556002738,-0.0010050177556002737,-0.0028291258367415238
2025-03-10,-0.003774419461255242,-0.002274419461255242,0.0007151731812003056
2025-03-11,-0.0007508608069122084,0.0007491391930877916,0.0018616822702616372
2025-03-12,0.0009621625775142486,0.0024621625775142486,-0.002710638068659592
2025-03-13,-0.005939453645881483,-0.004439453645881483,-0.0008128584776304474
2025-03-14,-0.0018359563672657024,-0.0003359563672657023,-0.002661192467249453
2025-03-17,-0.004147574105795455,-0.0026475741057954555,-0.004300754930429347
2025-03-18,-0.0034865003806973786,-0.0019865003806973786,0.00020723502662185886
2025-03-19,0.0003657057518985803,0.0018657057518985803,-0.0018173421851020014
2025-03-20,-0.0009683568439547833,0.0005316431560452167,-0.0012041497874008393
2025-03-21,-0.0028531060092014796,-0.0013531060092014796,0.0013741624700550777
2025-03-24,-0.0009600016348069993,0.0005399983651930007,0.000966361918991633
2025-03-25,-0.0006568468310162155,0.0008431531689837846,0.0004288858754807625
2025-03-26,-0.003916547597818563,-0.0024165475978185635,0.0003062100514071033
2025-03-27,0.0014741261623637827,0.0029741261623637827,-0.0020024883479412546
2025-03-28,0.003742389556759097,0.005242389556759097,-0.0016823939257250274
2025-03-31,-0.0037628808781497007,-0.0022628808781497006,-0.003018793090735729
2025-04-01,0.0010320598352873884,0.0025320598352873884,0.002013743252128665
2025-04-02,0.0011928099885502043,0.0026928099885502044,0.000922042040920419
2025-04-03,-0.002456803511571444,-0.000956803511571444,-0.0012969903688287558
2025-04-04,-0.0005224620190877314,0.0009775379809122686,-0.0015655380144434503
2025-04-07,0.0019906922020363773,0.0034906922020363773,0.0011679259174270386
2025-04-08,-0.002644956839236669,-0.0011449568392366688,-0.0005007661753403518
2025-04-09,0.0009803398619258065,0.0024803398619258066,-0.002023166663023378
2025-04-10,-0.003916859082791725,-0.0024168590827917252,-0.005177351448216723
2025-04-11,0.0012627096503633763,0.0027627096503633763,-0.0028368435264672074
2025-04-14,-0.0015369365541979528,-3.693655419795272e-05,-0.0015605409566399873
2025-04-15,-0.004029740799708926,-0.0025297407997089266,-0.0032364831340617587
2025-04-16,-0.0029172663234571503,-0.0014172663234571503,-0.0010329940383301249
2025-04-17,-0.001655388892322833,-0.00015538889232283304,-0.007295891980652612
2025-04-18,0.0016488227470935076,0.0031488227470935076,-0.00045860263745923927
2025-04-21,-0.0014181677605027963,8.183223949720375e-05,0.0031106777791304343
2025-04-22,-0.003258750015620411,-0.0017587500156204111,-0.0018350221405922643
2025-04-23,-0.0005401941791861862,0.0009598058208138138,0.0009652804655108662
2025-04-24,-0.002069655169995645,-0.0005696551699956448,0.00013865914661244502
2025-04-25,7.634351228086441e-05,0.0015763435122808644,-0.004247573006325554
2025-04-28,0.00043853097550288064,0.0019385309755028807,0.003100947661312346
2025-04-29,0.0012899375076497201,0.00278993750764972,0.00011101070196800752
2025-04-30,-0.0014539737671277462,4.6026232872253825e-05,-0.006658716441122063
2025-05-01,-0.003608422139039709,-0.002108422139039709,-0.0014873492808529635
2025-05-02,0.0009730334260322784,0.0024730334260322784,-0.0016471826415473943
2025-05-05,-0.003110848101395543,-0.0016108481013955428,-0.001961755489275559
2025-05-06,-0.00037235812111671577,0.0011276418788832843,-0.002534262578855527
2025-05-07,-0.002687915264998826,-0.0011879152649988262,-0.0032879090889554167
2025-05-08,0.0013924047185700518,0.002892404718570052,0.0027957535770274764
2025-05-09,-0.004714108581928314,-0.003214108581928314,-0.0026884086693484397
2025-05-12,-0.0001748257843965915,0.0013251742156034085,-0.0007253557802050768
2025-05-13,-0.0027542719102394545,-0.0012542719102394545,-0.0017081778118616512
2025-05-14,-0.003661832386422341,-0.002161832386422341,-0.0020276673447257297
2025-05-15,-0.0049222400624556305,-0.003422240062455631,-0.0049222400624556305
2025-05-16,-0.0005061858952737212,0.0009938141047262788,-0.002203628146795768
2025-05-19,-0.0035792552372982665,-0.0020792552372982664,-0.0040057963767702025
2025-05-20,-0.0017603822593669064,-0.0002603822593669064,-0.004181623588266193
2025-05-21,0.0002889629193591355,0.0017889629193591355,-0.00575104974028008
2025-05-22,0.003914540797536616,0.0054145407975366155,0.0027299186795889025
2025-05-23,-0.0036752068517994217,-0.0021752068517994216,-7.678137270730615e-05
2025-05-26,0.00029761717116837247,0.0017976171711683725,0.002179693671744713
2025-05-27,-0.0017166013307349224,-0.00021660133073492238,-0.0008969798276517158
2025-05-28,-0.0012895446389099411,0.0002104553610900589,-0.002539586727367245
2025-05-29,0.0012760373530477528,0.002776037353047753,-0.0035813943886367897
2025-05-30,0.0005010667623334699,0.00200106676233347,-0.0013279866204275446
2025-06-02,0.0004517983423376489,0.001951798342337649,0.0006403415388527996
2025-06-03,0.00010338831852355198,0.001603388318523552,-0.001207670145415922
2025-06-04,0.000404113978827851,0.001904113978827851,-0.002245733351063496
2025-06-05,-0.0002592629338138961,0.001240737066186104,-0.0023169155226916414
2025-06-06,0.000743053929059699,0.002243053929059699,0.000743053929059699
2025-06-09,-0.00014428295182575138,0.0013557170481742487,-0.0021745602133752804
2025-06-10,0.0009674870089712308,0.002467487008971231,0.0004899225705375112
2025-06-11,-0.0021397433515887424,-0.0006397433515887424,-0.0023403333114846285
2025-06-12,-0.0020671262908541336,-0.0005671262908541336,-0.0004901047220838965
2025-06-13,-0.0007506611445402532,0.0007493388554597469,0.0005118652603040854
2025-06-16,-0.0042142888419090235,-0.002714288841909024,-0.0029153147201198813
2025-06-17,-0.0007059895871336639,0.0007940104128663361,0.0010318271602062236
2025-06-18,-0.0017439309914840278,-0.00024393099148402775,-0.0024320970565402562
2025-06-19,-3.466980346344831e-05,0.0014653301965365517,-0.006640060539833643
2025-06-20,-0.0005810400052150264,0.0009189599947849736,-0.003105072119440526
2025-06-23,-0.003336410488167989,-0.0018364104881679888,-0.0013364643520054052
2025-06-24,0.003532183234530363,0.005032183234530363,-0.002887732845738676
2025-06-25,-0.005086319383700761,-0.0035863193837007605,0.0014987458731732252
2025-06-26,-0.002841237374257176,-0.001341237374257176,-0.0013873639200710484
2025-06-27,0.0019607540301714867,0.0034607540301714868,-0.0015092814726418052
2025-06-30,0.00026477580803278963,0.0017647758080327897,0.00010742875582971231
2025-07-01,-0.004617098597015852,-0.003117098597015852,0.001617098597015852
2025-07-02,-0.0019963489371057617,-0.0004963489371057617,-0.0006483690867737078
2025-07-03,-0.003427523474185122,-0.0019275234741851222,-0.004399285457333311
2025-07-04,-0.00020413795612800193,0.001295862043871998,-0.0013734448491113647
2025-07-07,0.000873520886734079,0.002373520886734079,0.0020050994952658815
2025-07-08,-0.002664738601805368,-0.001164738601805368,0.00015416856729717895
2025-07-09,-0.0015235134023416906,-2.3513402341690526e-05,-0.003184761821882791
2025-07-10,-0.0007457516840778098,0.0007542483159221902,-0.0031208583017193745
2025-07-11,-0.007451529887001913,-0.005951529887001913,0.0023018561937830514
2025-07-14,0.0023287068834703813,0.0038287068834703814,-0.006535009771237289
2025-07-15,-0.0008597049269845878,0.0006402950730154122,-0.0024002923950548747
2025-07-16,-0.00032041642107861904,0.001179583578921381,0.001416275464087445
2025-07-17,-0.0022653901706962258,-0.0007653901706962257,-0.001999704325109915
2025-07-18,-0.0002305391742890837,0.0012694608257109163,-0.0002305391742890837
2025-07-21,0.00040534130465758175,0.0019053413046575818,-0.0021549202257638
2025-07-22,-0.0030185844495801127,-0.0015185844495801126,-0.00336779233110429
2025-07-23,-0.0017607121946685831,-0.0002607121946685831,-0.0013150637924932694
2025-07-24,-0.0010854606772715534,0.00041453932272844657,0.00043628025918825727
2025-07-25,-0.0025635458656743646,-0.0010635458656743646,-0.002629982368320459
2025-07-28,-0.0037638214294823933,-0.0022638214294823933,-0.0008177666436295348
2025-07-29,-0.0026999412129459625,-0.0011999412129459625,-0.0031947365058877923
2025-07-30,-0.0034326772510282657,-0.0019326772510282657,-0.003168168480932171
2025-07-31,-0.0020170932130186637,-0.0005170932130186638,-0.0017092993901539238
2025-08-01,-0.0016717936055168207,-0.00017179360551682066,-0.00021149863506365755
2025-08-04,-0.005808051879313296,-0.004308051879313296,-0.0025343581272892477
2025-08-05,-0.0018688790035203116,-0.00036887900352031155,-0.0026072732252082607
2025-08-06,-0.0019491406353018396,-0.00044914063530183956,-0.002352801888991797
2025-08-07,-0.0007535803769669323,0.0007464196230330677,-0.006394752273585989
2025-08-08,-0.001167163519978766,0.0003328364800212341,-0.0027816429799873824
2025-08-11,-0.002432320832932751,-0.0009323208329327509,-0.005040494357853349
2025-08-12,-0.0010285720210705105,0.0004714279789294895,-0.00010364918091892864
2025-08-13,-0.0026690585090768507,-0.0011690585090768507,-0.002082719537275081
2025-08-14,-0.0013569822627010884,0.00014301773729891165,-0.0009894892728961402
2025-08-15,-0.002899220805896606,-0.001399220805896606,-0.0014297778525954028
2025-08-18,-0.0028055069816133164,-0.0013055069816133164,-0.0044832372897400784
2025-08-19,-0.003196217000290129,-0.001696217000290129,-0.0008419083131732384
2025-08-20,-0.0006445431354999685,0.0008554568645000316,0.0004751210101933425
2025-08-21,-0.0003198064734645776,0.0011801935265354224,-0.0029413117700309286
2025-08-22,-0.002555567064638885,-0.0010555670646388848,-0.0013012032076084854
2025-08-25,-0.0013558669131496213,0.00014413308685037873,-0.0009308389215222355
2025-08-26,-0.002052438611793743,-0.000552438611793743,-0.0010181901521857093
2025-08-27,0.0035431369156424543,0.005043136915642454,-0.0032734828137644563
2025-08-28,0.0012680560850903424,0.0027680560850903424,-0.00043016781563890664
2025-08-29,-0.0015592986838401783,-5.9298683840178223e-05,0.0007097271723486439
2025-09-01,-0.0031657348948929674,-0.0016657348948929673,-0.0021517998976421358
2025-09-02,-0.0018545289261804447,-0.0003545289261804446,-0.0007260810092993134
2025-09-03,0.0013810277566450326,0.0028810277566450326,-0.0035472592375802013
2025-09-04,-0.0013616727302165608,0.00013832726978343923,-0.0008899434579917862
2025-09-05,-0.0036727518502869803,-0.0021727518502869803,0.0006268548101057438
2025-09-08,-0.0012111142541574985,0.0002888857458425015,-0.003705645959995492
2025-09-09,-0.0034030854157586763,-0.0019030854157586763,-0.0028312343221431877
2025-09-10,-0.002069366517164452,-0.0005693665171644519,-0.0036425783963068407
2025-09-11,-0.001644675767924013,-0.00014467576792401293,-0.004500833817716958
2025-09-12,-0.0002566190798799343,0.0012433809201200657,-0.0003829280174436193
2025-09-15,-0.004591607746804975,-0.003091607746804975,9.677247162143262e-05
2025-09-16,0.0003536276297805992,0.0018536276297805993,-0.0027355179980809844
2025-09-17,0.0003054258387872057,0.0018054258387872058,0.0027146650348785785
2025-09-18,-0.002585933092815239,-0.0010859330928152389,-0.001638699730524966
2025-09-19,-0.0008178730893413353,0.0006821269106586647,-8.952794479255436e-05
2025-09-22,-0.0010139371074851648,0.00048606289251483525,-0.0012876160247102379
2025-09-23,-0.0034356582309469767,-0.0019356582309469766,-0.0024616497529709306
2025-09-24,-0.001371460189803843,0.00012853981019615712,-0.0034248523285929492
2025-09-25,0.0006281716999395814,0.0021281716999395814,0.0015074928425703104
2025-09-26,-0.004883507590044548,-0.003383507590044549,-0.0003803882420733971
2025-09-29,0.0010862031685748437,0.0025862031685748438,0.00034905835113095826
2025-09-30,0.0007061535969861989,0.002206153596986199,-0.0002462662422589288
2025-10-01,0.0023304637968767235,0.0038304637968767236,-0.0001526530090808346
2025-10-02,-0.003184241819288418,-0.0016842418192884179,-0.003184241819288418
2025-10-03,-0.002222875602194917,-0.0007228756021949168,-0.004831465540812761
2025-10-06,-0.003992862140675178,-0.0024928621406751783,-0.000298007216987388
2025-10-07,-0.00418567413695317,-0.00268567413695317,-0.00278899524796966
2025-10-08,-0.003805713508500021,-0.0023057135085000208,-0.006184746233660483
2025-10-09,-0.0008451821677410002,0.0006548178322589998,0.003809668474198101
2025-10-10,-0.0006804376081139527,0.0008195623918860473,-0.0022372504391331414
2025-10-13,-0.0021613840025642137,-0.0006613840025642137,-0.0021613840025642137
2025-10-14,-0.004151547391632355,-0.0026515473916323556,-0.004151547391632355
2025-10-15,-0.0003082722905971406,0.0011917277094028594,0.002641613749664305
2025-10-16,-0.0009071143143867381,0.0005928856856132619,7.617902330602075e-05
2025-10-17,-0.0008347240295100409,0.0006652759704899591,-0.001719287927399947
2025-10-20,-0.00285714214788156,-0.0013571421478815598,-0.0016614298797541908
2025-10-21,-0.00046671445795448555,0.0010332855420455145,-0.0030820205740052496
2025-10-22,-0.00020445127838862468,0.0012955487216113754,0.0002424851174351191
2025-10-23,-0.005972258250686792,-0.004472258250686792,-0.005078595777017801
2025-10-24,-0.0031157359301045005,-0.0016157359301045005,0.001411254674291458
2025-10-27,0.00034712789763935567,0.0018471278976393557,-0.002398332580181793
2025-10-28,-0.0032978676251689807,-0.0017978676251689807,-0.003434091872188015
2025-10-29,-0.0009510367046675753,0.0005489632953324247,-0.004303367083832178
2025-10-30,-0.004982535662846203,-0.0034825356628462034,0.0015878030471382656
2025-10-31,0.00038657638176573103,0.001886576381765731,0.0017171459155967141
2025-11-03,-0.002765946589049563,-0.001265946589049563,-0.0029061670881195116
2025-11-04,-0.002306691680082447,-0.000806691680082447,-0.0028296443905886774
2025-11-05,-0.0051173613292417024,-0.003617361329241703,0.00073762156547333
2025-11-06,-0.0011441872618094665,0.0003558127381905335,-0.0029593832224293196
2025-11-07,-0.005169903549743919,-0.003669903549743919,0.000983655071467028
2025-11-10,-0.0005383998134400173,0.0009616001865599827,-0.0011968753354829735
2025-11-11,-0.00010092130482991383,0.0013990786951700862,-0.0036078768157982986
2025-11-12,-0.002173825561567573,-0.0006738255615675731,-0.0022345839894777745
2025-11-13,-0.0035359802166638464,-0.0020359802166638463,0.0004064177515789593
2025-11-14,-0.0015771745561466975,-7.717455614669744e-05,-0.004535042401311499
2025-11-17,0.00045301650635887333,0.0019530165063588734,-0.0034530165063588734
2025-11-18,-0.001897532191554681,-0.0003975321915546809,-0.003428111917816902
2025-11-19,-0.002484623804782217,-0.000984623804782217,-0.0010513895150674594
2025-11-20,0.0012785653449686198,0.00277856534496862,-0.0042785653449686194
2025-11-21,0.002604988555843722,0.004104988555843722,0.002203069374551629
2025-11-24,-0.0030395637708653237,-0.0015395637708653237,3.956377086532367e-05
2025-11-25,-0.0017594446934277989,-0.00025944469342779886,-0.003052093135950408
2025-11-26,0.0006168827358948871,0.002116882735894887,-0.005700832594817127
2025-11-27,-0.004467067239192308,-0.0029670672391923086,-0.004436635517046912
2025-11-28,0.003514531521925686,0.005014531521925686,-0.007704311687795394
2025-12-01,-0.0031288763162880943,-0.0016288763162880943,-0.002930267747249067
2025-12-02,0.00025859619557545973,0.0017585961955754598,-0.007479202502265676
2025-12-03,-0.006994808101307577,-0.005494808101307577,-0.00044967593809962106
2025-12-04,-0.004363286608092471,-0.002863286608092472,0.0013632866080924718
2025-12-05,-0.0013918789800334366,0.00010812101996656351,-0.002343359241569123
2025-12-08,-0.0012412713796763745,0.00025872862032362554,0.0018139957743018172
2025-12-09,-0.0005364331575599805,0.0009635668424400196,0.0012377512662579845
2025-12-10,-0.0013951363492270817,0.00010486365077291837,0.0012629914673592548
2025-12-11,-0.004566072565631322,-0.0030660725656313226,-0.004816626921031712
2025-12-12,-0.00044226014046302867,0.0010577398595369714,-0.0006144176272143407
2025-12-15,0.00025780954019026655,0.0017578095401902666,-0.001619762703587198
2025-12-16,-0.0016422873854553114,-0.0001422873854553114,-0.0011486134010158925
2025-12-17,-0.0003810558188588873,0.0011189441811411127,-0.0019295569868159877
2025-12-18,-0.0006045312729108091,0.0008954687270891909,0.0021579232824802826
2025-12-19,-0.0013656279279897474,0.00013437207201025259,-0.0063346073488996495
2025-12-22,-0.0027146839842291507,-0.0012146839842291507,-0.0004074022571021866
2025-12-23,-0.0025043954894949914,-0.0010043954894949914,-0.002256803461003236
2025-12-24,-0.0026599797476962437,-0.0011599797476962437,0.000773741095040388
2025-12-25,-0.0031630842415250175,-0.0016630842415250174,-0.0029472523752844663
2025-12-26,-0.0003465202761035167,0.0011534797238964833,-0.0016333036610186023
2025-12-29,0.00031083471684552463,0.0018108347168455247,-0.001449286373426463
2025-12-30,-0.003993147576959967,-0.002493147576959967,-0.003993147576959967
2025-12-31,-0.0008474919565032006,0.0006525080434967995,-0.00045030631888233344
2026-01-01,-0.002525137820057531,-0.0010251378200575312,-0.005404333196232883
2026-01-02,-0.002067049976975223,-0.000567049976975223,0.0007733123579017772
2026-01-05,-0.0038224451621230713,-0.0023224451621230713,-0.003908327527278514
2026-01-06,0.0005296988766485141,0.002029698876648514,-0.004300008300814907
2026-01-07,-0.00033400942468865416,0.0011659905753113459,-0.004182241439141572
2026-01-08,-0.0018602292912728705,-0.0003602292912728705,0.0010899858112142931
2026-01-09,0.002705489833895612,0.004205489833895612,0.0009337062998854436
2026-01-12,-0.004276398762086948,-0.0027763987620869485,-0.0019640273693450464
2026-01-13,-0.0013803088061888334,0.00011969119381116666,-0.001474324514637719
2026-01-14,0.002143170325493328,0.003643170325493328,-0.003500716944645098
2026-01-15,-0.002043575500898383,-0.0005435755008983828,-0.000970412908504538
2026-01-16,-0.0005771929323536832,0.0009228070676463168,-0.0035302710465453927
2026-01-19,-0.00011317084518923251,0.0013868291548107675,-0.0014817419052371842
2026-01-20,-0.0010291711643643773,0.0004708288356356227,-0.00024812604692317367
2026-01-21,-0.00039102000156666797,0.001108979998433332,-0.005701216299651602
2026-01-22,-0.0019112162955479532,-0.00041121629554795314,-0.002856107897031736
2026-01-23,-0.0017339781734036484,-0.00023397817340364835,-0.0020209905670719995
2026-01-26,-0.002812392248993863,-0.0013123922489938628,-0.0008697088722878902
2026-01-27,-0.0017701826024698595,-0.0002701826024698595,-0.00279693211661705
2026-01-28,-0.0025686505380284317,-0.0010686505380284317,0.0004231586946873713
2026-01-29,0.0018586233817083921,0.003358623381708392,-0.0018254074253100092
2026-01-30,-0.0029168536775968077,-0.0014168536775968077,-0.002010957780858884
2026-02-02,-0.0016232510485801308,-0.0001232510485801308,-0.004413758509806463
2026-02-03,0.000132915308053387,0.001632915308053387,0.0031351288044173683
2026-02-04,-0.0014032813409168552,9.671865908314481e-05,0.001293223696974989
2026-02-05,-0.0016851054258628915,-0.00018510542586289147,0.0029206259322282504
2026-02-06,-0.0020073300197063757,-0.0005073300197063757,-0.002511177868067009
2026-02-09,-0.0017576666702427538,-0.0002576666702427538,-0.0030118713724079497
2026-02-10,-0.004004591713340068,-0.002504591713340068,0.0011540002380939925
2026-02-11,-0.001383501722066706,0.00011649827793329404,-0.003506493342196533
2026-02-12,-0.00044072897374242007,0.00105927102625758,-0.0008784758766418031
2026-02-13,0.00035637497068698306,0.001856374970686983,-0.0033733052181371807
2026-02-16,-0.001125563360129546,0.00037443663987045406,-0.004594287414603089
2026-02-17,-0.0007409894582114372,0.0007590105417885629,-0.0019771362196370477
2026-02-18,0.0016171083480745903,0.0031171083480745904,0.0007328470931797378
2026-02-19,-0.001696446260248534,-0.00019644626024853395,0.00021491561364442432
2026-02-20,-0.00037775187623219223,0.0011222481237678078,0.0026052040470516554
2026-02-23,-0.002061436150376663,-0.0005614361503766633,-0.0014807673066242928
2026-02-24,-0.004030989965375411,-0.002530989965375411,-0.0014261072926524663
2026-02-25,-0.00181880626548432,-0.0003188062654843199,-0.003124331740110771
2026-02-26,0.0006241794611876335,0.0021241794611876336,-0.0036241794611876336
2026-02-27,-0.0017692044622925744,-0.00026920446229257433,0.0029247357417010607
2026-03-02,0.0007307192276168064,0.0022307192276168064,-0.003923837578812371
2026-03-03,-0.0030844582462975765,-0.0015844582462975765,-0.0018123771499574935
2026-03-04,-0.0024806618507886694,-0.0009806618507886694,0.0005108905408389582
2026-03-05,-0.0016785746429645158,-0.00017857464296451575,-0.0011474214476239323
2026-03-06,-0.002083850847026071,-0.0005838508470260712,-0.002083850847026071
2026-03-09,-0.001198253953830704,0.0003017460461692961,0.0007748306746657592
2026-03-10,0.0024393883081042663,0.003939388308104266,-0.009105078544543522
2026-03-11,-0.001814633519268956,-0.0003146335192689559,0.0004327982375579727
2026-03-12,-0.003131673488340979,-0.001631673488340979,-0.003127792818598789
2026-03-13,0.00020055867143063807,0.001700558671430638,-0.00014351220963711034
2026-03-16,0.0010468164386908687,0.0025468164386908687,6.412485272000576e-05
2026-03-17,-0.0050725443390625385,-0.003572544339062539,0.002639878275961767
2026-03-18,-0.001675596362596453,-0.00017559636259645295,0.004529655866792808
2026-03-19,-0.0037300223340236125,-0.0022300223340236125,-0.00032501939952236806
2026-03-20,-0.0031189071722648024,-0.0016189071722648024,0.0007920373633065066
2026-03-23,-0.0005006431922398567,0.0009993568077601434,-0.003586216317458478
2026-03-24,-0.0015497946596351301,-4.979465963513008e-05,0.0012778759104219314
2026-03-25,-0.0030335767307759763,-0.0015335767307759762,0.0022975242513837714
2026-03-26,-0.0013849441086640616,0.00011505589133593841,0.0006883317204058755
2026-03-27,-2.0118585645641316e-05,0.0014798814143543587,-0.0028777701473606935
2026-03-30,0.0014525030258799184,0.0029525030258799184,-0.0022921480673345055
2026-03-31,-0.0006777167358412149,0.0008222832641587852,3.901879114187731e-05
2026-04-01,-0.0006135908670559507,0.0008864091329440493,-0.0035315636326994347
2026-04-02,-0.00023113617316261473,0.0012688638268373853,-2.312953497168738e-05
2026-04-03,-0.0018114105783945665,-0.00031141057839456643,-0.002214156249071979
2026-04-06,-0.0010149813810412232,0.00048501861895877685,-0.0008276235137063164
2026-04-07,-0.0026102942664446975,-0.0011102942664446974,-0.001734513606765005
2026-04-08,-0.004523440382643086,-0.003023440382643086,-0.003693379097087958
2026-04-09,0.000434387868761947,0.001934387868761947,0.0029571647085214355
2026-04-10,0.00318686590848659,0.00468686590848659,0.002992956507373788
2026-04-13,0.0012604813220792057,0.0027604813220792057,-0.002097651913224667
2026-04-14,0.0018234308579101618,0.003323430857910162,-0.003721295565683304
2026-04-15,-0.0023326090375260407,-0.0008326090375260404,0.0006592941485862327
2026-04-16,-4.478960804057833e-05,0.0014552103919594217,-0.0003646366725198178
2026-04-17,-0.003882272973944749,-0.002382272973944749,-0.000970586939305461
2026-04-20,-0.0005560853038812361,0.0009439146961187639,0.00302371140039054
2026-04-21,0.00039348803480741953,0.0018934880348074196,0.00024561705565566546
2026-04-22,-0.0054689759497817386,-0.003968975949781739,-0.0012957496138696332
2026-04-23,-0.002687096841459137,-0.001187096841459137,-0.003974677142178541
2026-04-24,-0.0008543063817102168,0.0006456936182897832,0.0010971933348672704
2026-04-27,-0.0037060676987823575,-0.0022060676987823574,0.0029617643626195663
2026-04-28,-0.0036898577181582307,-0.0021898577181582307,-0.0023849081546458276
2026-04-29,-0.0016923412275745735,-0.0001923412275745735,-0.0016928063304480663
2026-04-30,0.0011775809489329866,0.0026775809489329866,0.00044765707689530107
2026-05-01,-0.0045337212551324595,-0.00303372125513246,0.003406820119951749
2026-05-04,-0.006749887967459565,-0.0052498879674595655,3.4435016935409866e-06
2026-05-05,-0.008303987130207245,-0.006803987130207245,-0.001506918009314294
2026-05-06,-0.004741452941597,-0.0032414529415970006,-0.004180410020007795
2026-05-07,-0.0008043409964814106,0.0006956590035185894,0.0018600654996255585
2026-05-08,-0.00041941275955516147,0.0010805872404448386,-0.001528733563206887
2026-05-11,-0.0001998409233073665,0.0013001590766926335,-0.004278673942873968
2026-05-12,5.524900377324024e-05,0.0015552490037732403,-0.00233080323659529
2026-05-13,-0.0008740552778980352,0.0006259447221019648,-0.005045591585974269
2026-05-14,-0.0001889401426898663,0.0013110598573101337,-0.0024734347141859834
2026-05-15,0.0012766637098912139,0.002776663709891214,-0.002907532333638606
2026-05-18,0.001202911801815644,0.002702911801815644,-0.0009281553937238716
2026-05-19,0.002692160337129533,0.004192160337129533,-0.005584430622869547
2026-05-20,-0.0005804816228420343,0.0009195183771579657,-0.0017762539775130052
2026-05-21,-0.0002522573979448759,0.001247742602055124,-0.002747742602055124
2026-05-22,-0.0004402345841656983,0.0010597654158343017,-0.0021416917948037227
2026-05-25,-0.003191353176188362,-0.0016913531761883621,-0.0008190100039041485
2026-05-26,-0.00015347454338671,0.00134652545661329,-0.0002579950584821731
2026-05-27,-0.004158278168856914,-0.0026582781688569146,0.001811893814070349
2026-05-28,-0.0031797492964030353,-0.0016797492964030353,-0.005829342593886523
2026-05-29,0.0023320047157860276,0.0038320047157860276,0.001310523586994143
2026-06-01,-0.0014935412193797502,6.458780620249849e-06,0.000896257230878801
2026-06-02,-0.003952139180063123,-0.002452139180063123,-0.0021308455409511915
2026-06-03,-0.00149556929444057,4.430705559430037e-06,-0.0009385246171454546
2026-06-04,3.008489305980763e-05,0.0015300848930598077,0.0006861982740057073
2026-06-05,0.00039175162320424914,0.0018917516232042492,-0.002904363135545969
2026-06-08,-0.004166634784377883,-0.002666634784377883,0.0006151844019428739
2026-06-09,-0.002403270271127299,-0.0009032702711272989,-0.004750501513277159
2026-06-10,-0.0022863585617400443,-0.0007863585617400443,0.0011971242510346466
2026-06-11,0.0006720007107641215,0.0021720007107641215,-0.0031144640412672495
2026-06-12,-9.174013492202352e-05,0.0014082598650779765,-0.0013923596993278262
2026-06-15,-0.0020597620583998784,-0.0005597620583998781,-0.00220152859934954
2026-06-16,-0.0001655455963228956,0.0013344544036771044,-0.0024640897599038356
2026-06-17,0.0018961354090311646,0.0033961354090311646,-0.00234238231090474
2026-06-18,-0.0009642874013540818,0.0005357125986459182,-0.0020357125986459183
2026-06-19,-0.001279609508020542,0.00022039049197945804,-0.0015486095242632073
2026-06-22,-0.0006654986594654953,0.0008345013405345048,-0.003990036025844827
2026-06-23,-0.0006063898074767636,0.0008936101925232365,-0.004514508879081612
2026-06-24,-0.0006058951856439663,0.0008941048143560337,-0.0011652391565291618
2026-06-25,-0.002814364450043034,-0.0013143644500430336,-0.0013714749151276782
2026-06-26,-0.009459288901350706,-0.007959288901350706,-0.005461815062131482
2026-06-29,-0.004896725269055114,-0.0033967252690551147,-0.0006181043100073184
2026-06-30,-0.0015555412751112178,-5.554127511121776e-05,0.0006088855046108995
2026-07-01,-0.006058980637740767,-0.004558980637740767,0.0003997678046548116
2026-07-02,-0.00044184115047698905,0.001058158849523011,-0.00203381107476827
2026-07-03,-0.001814774054014394,-0.00031477405401439396,-0.00043526529661633154
2026-07-06,-0.0003724232090232386,0.0011275767909767614,-0.0026275767909767615
2026-07-07,-0.00015747220921395614,0.001342527790786044,0.00044554949868545876
2026-07-08,-0.003781969293249128,-0.002281969293249128,-0.0011464999810579927
2026-07-09,-0.002045820366633379,-0.0005458203666333789,-0.001971938726050822
2026-07-10,-0.0025487807509124148,-0.0010487807509124147,-0.0032832938913291963
2026-07-13,-0.003350195295016191,-0.001850195295016191,-0.0008246818494772727
2026-07-14,-0.0024817613606201703,-0.0009817613606201703,-0.0025454843200998765
2026-07-15,-0.003510871497037478,-0.002010871497037478,-0.00426176278651892
2026-07-16,-0.0011402557571661824,0.0003597442428338177,-0.0046773035446949895
2026-07-17,0.0,0.0,0.0
