date,rank,ticker,return_pct,news_that_day,rvol_that_day,gap_that_day_pct,exante_rvol,exante_news_3d,exante_mom21,exante_prox52,exante_vol20,exante_compression
2025-07-31,1,S076,19.70802919708028,1,5.408922763499279,19.873921698739228,0.5392009204126688,0.0,0.04798331015299029,0.9116757410768299,0.028353847884683373,1.3565481572711604
2025-07-31,2,S134,11.7943240768996,0,1.01438198989727,-0.18818024616010787,1.056177744051396,1.0,-0.01704744288356741,0.5763447164004103,0.03613124531262936,1.7695954704077779
2025-07-31,3,S042,8.080269934292295,0,1.507042657616319,4.81264429053454,1.399825820518166,0.0,0.3199718706047818,0.8623277182235836,0.03555510323827231,1.2704467144843254
2025-08-01,1,S380,7.936711567243959,1,6.934540788629637,1.9799016463545094,1.010612046497325,0.0,-0.03963039014373715,0.8998037631305552,0.019836706275354582,1.9751045987979796
2025-08-01,2,S320,6.164383561643838,0,0.9603749503325589,4.109589041095885,1.2918565357392535,0.0,0.03546099290780136,0.4022038567493113,0.02854795653635811,1.7308739439009164
2025-08-01,3,S132,6.083525982510807,0,0.9472467356208515,2.3922002211277382,6.044004675872873,1.0,0.03159913938357062,0.7260321456588766,0.021045907266810583,2.3433339401738555
2025-08-04,1,S402,9.523809523809534,0,0.6837064165860388,0.0,0.5459059855787222,0.0,-0.06666666666666676,0.5599999999999999,0.040403812600364936,1.3469463364466026
2025-08-04,2,S309,9.298590965602994,1,8.2017669878138,5.940478657273096,0.9680436622439081,0.0,-0.00024600246002470794,0.6656436957983483,0.03664428434317013,1.3909704009124437
2025-08-04,3,S380,3.9855790182639517,0,1.596167511358977,2.1116437542094246,6.934540788629637,1.0,0.07881352310125234,0.9712185924814345,0.026334802169997173,1.5453413197893298
2025-08-05,1,S117,7.07434573152208,0,0.8715010610252254,1.4452497721453073,0.5915889448725125,0.0,0.03285816747355197,0.8776855096754533,0.024456466747149165,2.0144452336036744
2025-08-05,2,S451,6.759831004224903,0,0.6586003445845582,-0.9099772505687165,0.5316974747601305,0.0,-0.1558299039780522,0.652708837130372,0.02994078152149299,1.8761207800096302
2025-08-05,3,S297,5.322318804841464,0,0.8661584607887634,0.10480241662043088,0.6642465461828243,0.0,-0.1359245711850564,0.5780964147401935,0.027410239548012628,1.9508834787163083
2025-08-06,1,S181,11.223908918406078,0,1.0005509188639592,0.8576850094876631,0.902201562679103,0.0,0.09554299018792611,0.7240204429301533,0.025426586048273657,1.4946372440032802
2025-08-06,2,S042,8.05494319145328,0,0.5600296228640408,1.4753264371714536,0.8707894094732084,0.0,0.2889617486338798,0.9030627871362941,0.03245501819265077,1.5133863927646192
2025-08-06,3,S440,7.38486508419558,0,0.6848187385510046,2.3331304524244256,0.6641585213584706,0.0,-0.2536341611144761,0.4009598958757016,0.03418575285854998,1.464166001224709
2025-08-07,1,S458,6.294364149491138,0,0.7737243913234875,-1.1374326520140254,0.9049168385810417,0.0,-0.10109163591635917,0.4314282551747039,0.033148422028861604,1.9570758545583593
2025-08-07,2,S075,6.286672254819781,0,0.5462497444215457,0.7264599050014198,0.37410830387305144,0.0,0.01965811965811959,0.7249341705489163,0.022540439261790734,1.620313167039565
2025-08-07,3,S089,5.852435530085964,1,7.3982939145375575,4.315902578796571,1.92329265876,0.0,0.33320599751695146,0.40193481515605206,0.03733760919547736,1.3023376851701722
2025-08-08,1,S018,5.055350553505522,0,2.8308402665750956,0.75645756457563,1.6060362177528271,0.0,-0.09319056382800739,0.8485987161421638,0.03091331513820742,1.4844167604528185
2025-08-08,2,S174,4.589707927677322,0,1.3173045011725872,2.051460361613344,0.7647880832342316,0.0,-0.2847550360606814,0.3851098018211034,0.03924722452389864,1.6193637290446878
2025-08-08,3,S216,4.3972384492830585,1,4.746129282020939,5.59745087626129,1.0386387665038754,0.0,-0.127836961556276,0.8465204099982018,0.01722175096371503,1.8779742910643746
2025-08-11,1,S480,6.695722042316965,1,3.1223784882640078,6.031019454116038,0.5062329224286062,0.0,-0.03253085838123049,0.9427738499678635,0.021461827459650213,1.5360900209567077
2025-08-11,2,S020,6.650286650286641,0,0.7318360549228972,2.3095823095823143,0.9773908885980588,0.0,-0.14074595355383523,0.6544109765248151,0.02650537019929132,1.3167570693017898
2025-08-11,3,S337,6.553398058252413,0,1.1330158140117639,-0.9708737864077666,0.5156627897580618,0.0,0.05641025641025643,0.5329883570504528,0.047026887226229545,1.6036801840428707
2025-08-12,1,S477,8.013479082764864,0,0.5701451761334336,0.4438234568916011,0.8874030995856425,0.0,-0.254107405590976,0.7172669928668278,0.03437546473053709,1.4822093679321429
2025-08-12,2,S042,6.875414181577222,0,0.8238192544248532,2.385685884691857,1.021247144220465,1.0,0.15389026954693175,0.923783287419651,0.038159154916174665,1.4166092358927376
2025-08-12,3,S348,6.340363316674136,0,0.7826282608376196,1.0731315756782323,0.5820152875531619,0.0,0.012280235060820655,0.8300245088319044,0.026783855723693784,1.5534569268431546
2025-08-13,1,S048,8.513761467889914,0,0.7118804377583073,-1.1834862385321054,1.3235999723260872,0.0,0.11543184609087187,0.7874015748031495,0.02428659785820765,1.4395050424485263
2025-08-13,2,S024,8.319888904772599,0,2.185766973979518,1.3805215757551004,0.8132683996249138,0.0,0.11217861360952108,0.9723005440609984,0.0389646728039019,0.9443778958373106
2025-08-13,3,S036,7.346037006351835,1,11.782599120702251,5.3576360121513344,1.8649865568021882,0.0,0.07161882213672688,1.0052748473070516,0.012481992624309893,1.9185722996411854
2025-08-14,1,S300,19.6628029504742,0,0.5906083648120223,3.1570073761854722,0.3991717606399184,0.0,0.04875784634426661,0.5592089756281525,0.02523136394678462,1.5492928077376464
2025-08-14,2,S134,13.989776701641098,0,0.827866325063249,3.6543807730248457,0.5972604431436761,0.0,0.06154505212051986,0.65373003077825,0.044058115329480264,1.4141283024234266
2025-08-14,3,S382,10.737812911725953,0,0.782757865300527,0.7905138339921125,0.6693435007643418,0.0,-0.03680203045685282,0.4879459980713597,0.0317746293459121,1.956241660734644
2025-08-15,1,S060,10.746108427267842,1,8.969699312122373,-0.08588298443370501,1.347783527686554,0.0,-0.0539785710658609,0.782608695652174,0.024687145111515995,1.514388762978936
2025-08-15,2,S012,8.90481210290892,0,0.9203655552443131,-0.32194649420210775,0.8639308786794542,0.0,0.27676833815318,1.0238914819136522,0.033120046355558055,1.3626034523502066
2025-08-15,3,S396,8.089683287589878,0,0.8588715715500461,1.3009561790778834,1.743389208103832,0.0,0.2831360367463791,1.0176416028740263,0.0305202224870571,1.2317035833470669
2025-08-18,1,S129,17.68637532133677,1,3.1454268084068384,-1.5745501285347019,1.0919620661495513,0.0,-0.007842887202703652,0.582662422767272,0.04312271796470685,1.2357016739914646
2025-08-18,2,S273,7.715019255455702,0,0.7701662153758483,-0.10269576379974277,0.549165702159387,0.0,-0.06280076997112605,0.4645476772616137,0.03493757282255134,1.8654739245879777
2025-08-18,3,S296,7.484013230429998,0,0.7118208661308069,3.642778390297674,0.7940757046853246,0.0,-0.12758262475472282,0.6552900037568996,0.03364487070128207,1.6020688761759905
2025-08-19,1,S300,10.265460143431104,0,0.3346567792375958,1.3141591258964525,0.6435094406709684,0.0,0.1888670654405855,0.6277518502804884,0.05179816052371925,1.014054053845296
2025-08-19,2,S415,10.19935095039406,0,2.1122685446658527,1.3908205841446586,0.9004117034957849,0.0,-0.05103387593488784,0.33883129123468425,0.029228396404152972,1.3640908712000799
2025-08-19,3,S117,8.75520723010661,0,0.7231320969101506,0.3106686436489481,0.8512224490027805,0.0,0.22905367292923162,0.9669556905851028,0.028744511609082198,1.779535992548533
2025-08-20,1,S345,15.193060996082819,1,9.213009792283827,16.508114157806375,2.5961585591111622,0.0,-0.07553026383859285,0.7168070597673486,0.028950410335348696,1.5939937359764615
2025-08-20,2,S445,12.082126875493548,0,2.077795009951077,1.026585943669378,1.3175269530828662,0.0,0.06504065040650397,0.49530638852672754,0.030448764930648718,1.8370456359095422
2025-08-20,3,S004,7.202389106550866,1,3.48378116026079,6.962382531028255,0.999032323439202,0.0,0.24583572267278342,0.9889773423147582,0.022043057003622267,1.5829265196098283
2025-08-21,1,S020,8.694282564183343,1,1.9654809092356071,7.15073239880295,0.9521317837772351,0.0,0.10225694444444455,0.6805659770607781,0.02646538709276935,1.6225964828271529
2025-08-21,2,S421,8.683296495105775,0,0.5198442617765414,1.0972529207451842,0.6274960036727625,0.0,0.10108648413733179,0.814191143389678,0.04310362900612383,1.6474557271946741
2025-08-21,3,S207,8.628770580459078,1,2.209996391261994,5.660377358490565,0.7755812424902655,0.0,0.16720437649039144,0.639634099469598,0.035247751606190154,1.0637697599915548
2025-08-22,1,S264,7.494840405982317,0,0.7385792922927625,0.3173503717734949,0.5634559162737439,1.0,-0.04994560911080981,0.5945355374956928,0.025990571673647964,2.1028135267715373
2025-08-22,2,S458,6.554258538694335,0,0.8089815254831082,2.3692174664937227,1.4621356187453944,0.0,-0.18670886075949378,0.4267055307530531,0.03170566257070623,1.6345687859925793
2025-08-22,3,S060,6.158065320368977,0,2.1751602664993066,0.0448765893792169,1.2168544086303874,0.0,-0.009874105159219937,0.8424700693131695,0.03446942436572546,1.2593536352466268
2025-08-25,1,S049,7.393498415678912,1,4.950132849534942,6.888862809529384,1.7931739494609968,0.0,-0.013430589324997078,0.8737694831829369,0.02612999779130996,1.8016445343109262
2025-08-25,2,S485,5.262673447315747,0,0.29357717400575944,3.750258876590662,0.3525815962232563,0.0,0.057245036979369335,0.6037539248103587,0.027678981856703828,1.676871850855288
2025-08-25,3,S296,5.068844199278977,0,0.8025535586788183,0.49515701689613056,0.5379619370303874,0.0,-0.04559963520291832,0.6653469352368292,0.03779125501445503,1.342834152886988
2025-08-26,1,S075,11.507246376811597,0,1.3121329070459404,-0.028985507246370723,0.6515247878345323,0.0,0.06778087279480038,0.6988049422726351,0.03275244977420733,1.7023365355513589
2025-08-26,2,S089,9.467617169725461,1,15.46762136431699,0.9009555589261309,1.3252594630496555,0.0,0.25304090010643177,0.5407466946622487,0.022985362627779306,2.210035339358489
2025-08-26,3,S273,8.612029890971451,0,1.5510016999820273,0.8330270733798883,1.0783867645756928,0.0,0.06012987012987003,0.4867911026298527,0.035481561470118377,1.5845011677855352
2025-08-27,1,S254,9.472132904608799,0,0.5313273292793631,0.41197749196142386,0.9626274194381529,0.0,0.2446741985242007,0.9339631494979197,0.0319689350867779,1.6008227462537488
2025-08-27,2,S382,8.401880141010576,0,1.0715913252222176,1.9388954171563055,1.061944059421917,0.0,0.05517668939863607,0.5470909675345548,0.039514214537463725,1.2723771527724184
2025-08-27,3,S351,8.049602958772972,0,0.9189439901463766,-0.16316762754270409,4.408718497945811,1.0,0.3097307308733439,1.0560597357840322,0.028831098388180168,1.6495894882413225
2025-08-28,1,S461,21.12013022723773,1,3.4681545404163234,22.312413383488416,0.8586003835402304,0.0,-0.002085437063704565,0.9118791623204686,0.03135309318722039,1.4805608924064195
2025-08-28,2,S258,8.95997495172991,1,5.199591254638496,6.058550331367751,1.415618536856952,0.0,-0.11703451135787679,0.5050736670093039,0.032082437574049015,1.263369598681339
2025-08-28,3,S256,7.1729957805907185,0,1.064385594979088,1.2658227848101111,1.266843711221249,0.0,-0.08494208494208488,0.4846625766871166,0.035496342353364865,1.9783171810166669
2025-08-29,1,S004,9.036921542438847,1,1.9981121403941846,8.415543619698362,0.5516679041052469,0.0,0.20379941621755893,0.8664540898683315,0.030581309386099417,1.5504123507719416
2025-08-29,2,S345,6.632782719186792,0,0.7555113792818873,3.557814485387545,0.5563757943613822,0.0,-0.04047793221165563,0.7892097874047332,0.044818047465023866,1.0040395317386774
2025-08-29,3,S461,6.086087904104609,0,2.1352656257416047,-0.20523065746458347,3.4681545404163234,1.0,0.23289818401665952,1.1044692289175961,0.05609638862263495,0.8842926499572129
2025-09-01,1,S422,7.278258834542473,0,1.0611458769706534,-0.33934004212498037,1.2572956782149491,0.0,-0.18274839820216127,0.5964128690069092,0.029784164126658075,1.7255523436046243
2025-09-01,2,S089,5.7038155980754235,0,0.8133506834592112,0.7972473984558581,0.7124856367770144,1.0,0.3545013640497121,0.5971934513865687,0.0304768639523742,1.7521352957315188
2025-09-01,3,S147,5.577655522640712,0,0.9219426025900936,-0.8379179009733506,0.8945773928495235,0.0,-0.034327748263179414,0.4031460060736343,0.024619873989349488,1.8686890971348058
2025-09-02,1,S476,20.234427327528447,1,4.949881665903855,15.720026791694576,2.043545290108785,0.0,-0.02698123044838363,0.5059301931548628,0.014449687772263424,2.1511293722443345
2025-09-02,2,S199,12.025044472427094,0,0.9389598063805424,0.9394175611121103,0.8551183049649688,0.0,-0.041888990226141676,0.6352900841872691,0.03320401866174652,1.3885201678702035
2025-09-02,3,S018,6.54652445752113,0,0.9837850008948782,0.7907318867230506,0.9445686450810247,0.0,-0.0901790195750376,0.851416940660717,0.03529168701767332,1.3562467110388106
2025-09-03,1,S402,18.75,1,2.1942619886211383,9.375,0.9617356835487166,0.0,-0.30434782608695654,0.4266666666666667,0.035522743876154325,1.8222731121376883
2025-09-03,2,S348,7.9002034479066285,1,6.100408881173965,3.6502837562908175,1.3930946418293864,1.0,-0.11060531027389431,0.7407378030885887,0.03130811666422545,1.64830742606795
2025-09-03,3,S309,7.748683295240011,0,0.798069899051512,3.0135148564046643,0.8585706967345808,0.0,-0.04611592966491307,0.693988034689057,0.026233755380721403,1.800864393378856
2025-09-04,1,S158,13.995516951527055,1,14.347238846361464,14.808069487251352,1.5922915191736098,0.0,-0.052310143388210495,0.6444564824846515,0.02527961908145706,1.2758075955797405
2025-09-04,2,S014,10.068320747932402,0,1.5974267361338752,1.3807982740021485,0.5209226165951752,0.0,-0.15625,0.26877875285112307,0.038083209329485695,1.8711409349897625
2025-09-04,3,S142,7.878897496960358,0,0.34532409524048047,0.581798450547133,0.36824579687785347,0.0,-0.06854917963741192,0.8341211968820719,0.027578484240421572,1.8677308530738146
2025-09-05,1,S131,7.376451930907391,0,0.7682144096961828,0.36860828940037393,0.541566931098833,0.0,0.0283409732016926,0.6072144288577154,0.035906661803502896,1.446411383583492
2025-09-05,2,S004,7.322735934209201,0,1.9803860955858779,4.629926787684302,1.5512495076375723,0.0,0.25342551854179773,0.990468811308291,0.03633821893015255,1.3637096254761016
2025-09-05,3,S247,6.755882516034828,1,2.05609093663453,4.887155505443541,0.6109809070291925,0.0,0.16065433091981762,1.000203364762433,0.020295909807723802,1.9455638939518396
2025-09-08,1,S015,11.935365405802422,0,1.1757940157539057,0.6426735218509005,0.4662988687343257,0.0,0.255706709707171,0.9878469073099946,0.021494119331677965,1.6829410867576358
2025-09-08,2,S158,6.550925925925921,0,2.2777289124598297,1.1111111111111072,11.695820602730459,1.0,0.17807472047995643,0.7800650054171181,0.04114627741093089,0.936296884262022
2025-09-08,3,S376,6.377448638318195,0,1.1037758592585973,1.595795508838993,0.8317779248483257,0.0,0.19061163192864283,0.8758201660417781,0.026300657087806753,1.777329370637247
2025-09-09,1,S132,11.462130417172943,0,0.8620609001125902,-0.31591737545565435,0.5974991738956189,0.0,-0.13574628955474644,0.6756608833670845,0.029795307067223296,2.0841412183167387
2025-09-09,2,S021,10.807611763634718,1,3.5956253540393757,6.400801238277332,0.640085359113146,0.0,-0.1452585703723881,0.6376752692542166,0.030150859507559708,1.663051304804171
2025-09-09,3,S075,8.960666840322995,0,1.622661257298668,3.2821047147694626,1.2729681253607896,0.0,-0.027116066903193126,0.7775977314158395,0.03422659195004429,1.4905880416614847
2025-09-10,1,S259,7.788756954247278,0,1.3131528208518943,0.5065183093913461,1.2205490237079992,0.0,0.055385154675313464,0.9306081446565181,0.030823717843509995,1.2532373266473835
2025-09-10,2,S403,7.238542890716793,1,4.407775449399373,7.661574618096356,1.4220725747687466,0.0,-0.10852713178294571,0.7756106452788918,0.020256918948584196,2.240813309326968
2025-09-10,3,S376,5.9502695800226935,0,1.6370718001470992,-0.5533484676503941,0.7367845462728544,0.0,0.3053362657715015,0.9437600428494911,0.02756987131177868,1.738593382277123
2025-09-11,1,S456,13.993627455876624,1,15.956102876227908,13.866775872229486,1.0190436830385956,0.0,0.05865496457650421,0.505651629325845,0.03170930164850013,1.1915860825404412
2025-09-11,2,S380,10.174418604651159,0,0.47421303531917464,3.322259136212624,0.8506954088858787,0.0,0.11433860173714927,0.9267844983272642,0.034732099239803,1.6131732882829666
2025-09-11,3,S415,7.273652085452698,0,1.5845657286694321,-0.15259409969481386,0.8974293045769897,0.0,-0.08643122676579928,0.3088281495444549,0.03851437848027296,1.270671067487992
2025-09-12,1,S273,21.233839235525576,0,1.9726476546913956,3.892636312535136,1.0446437624955922,0.0,-0.02786885245901649,0.4243544635935357,0.03907400451947951,1.8131333467334665
2025-09-12,2,S255,16.32787230125965,1,4.179748900681588,12.41749283403899,1.464269766497014,0.0,0.014134464090460375,0.8117795235248911,0.016837320615557327,1.9170399175023882
2025-09-12,3,S425,10.128405887879733,0,0.43158616369975555,0.9411212026307458,0.3231877043125227,0.0,-0.03264409603877905,0.49440255175510583,0.020951021748310403,1.5560791466468924
2025-09-15,1,S300,7.8331408613356635,0,0.46307503107348214,0.3577162493310304,0.7392020841864664,0.0,0.25054596688974984,0.9467466666666667,0.04112972929194336,1.3900463366109321
2025-09-15,2,S264,7.240490092593821,1,2.9284027412161593,4.346431864035383,0.5080131169845795,0.0,0.04167072610613931,0.6290014875574642,0.03782447486335734,1.2143550209415952
2025-09-15,3,S391,6.397919375812733,0,3.8900037139603363,1.8899003034243522,3.1181624224429143,0.0,-0.06265236470014623,0.8576845862145884,0.030110513053237035,1.77437876729731
2025-09-16,1,S337,7.932011331444744,0,1.0571142419314863,4.249291784702547,1.1018610581115202,0.0,-0.2342733188720173,0.4566623544631307,0.043537205835229055,1.1386828514091776
2025-09-16,2,S320,7.317073170731714,0,0.5230381393827815,1.6260162601626105,0.5725007588860122,0.0,-0.06106870229007644,0.3716012084592145,0.03489056200242185,1.5645402090600018
2025-09-16,3,S042,5.73147561747942,0,0.6186095924042303,1.567447751741602,0.33357032457219093,0.0,-0.1391576938803326,0.8363347457627119,0.0368219114914718,1.8314215105038165
2025-09-17,1,S296,8.379682643546538,0,0.6186960000963245,0.7115982332733584,0.6807923325204199,0.0,0.003282455276546914,0.7066439326069993,0.03490278936913627,1.8159216955500928
2025-09-17,2,S380,7.767262312433831,0,1.2143659337684676,5.507129070419037,1.4789887466652707,1.0,0.13714245256301338,0.9182699179554616,0.049885158782949156,1.360405309200869
2025-09-17,3,S092,6.794425087108014,0,1.7494463351648275,0.7953340402969244,1.8443368267518867,1.0,0.2034639927073838,0.7249331917853351,0.03176658344506121,1.331265833084181
2025-09-18,1,S483,14.69738254479398,1,6.632741788484851,-0.2477086945751772,0.9210299173675675,0.0,-0.07683512462840159,0.6447851780865675,0.03819940141763742,1.251068905537645
2025-09-18,2,S352,11.328527291452106,0,0.7162308496954213,2.4201853759011183,0.8013628397271466,0.0,0.08099081547453402,0.8767494356659142,0.03082594884715659,1.7414474374963527
2025-09-18,3,S380,8.146286506629696,1,2.949114349435089,8.513158274836051,1.2143659337684676,1.0,0.21698013710669728,0.9895943512192333,0.05167286370939454,1.2642040866768052
2025-09-19,1,S443,11.303479274180116,1,2.9040491922691873,11.420009988346935,0.5457929625070789,0.0,-0.16220362622036266,0.3737323461705967,0.03611938036801239,1.57790720052038
2025-09-19,2,S461,6.7318251702174425,0,0.632401694437888,0.4571161871293805,0.7481480398539895,0.0,0.5243356350700983,0.9444955853181035,0.05515684110940149,0.7935410444844324
2025-09-19,3,S422,6.227819118488842,0,0.7574116528889301,2.9994275901545464,0.522967969962547,0.0,-0.0712387028176501,0.6096029032032941,0.030577560851735717,1.5128378456108778
2025-09-22,1,S129,6.15214773183459,0,0.5978044827460787,1.5656362906463217,0.36902131142361677,0.0,0.004942007060010134,0.746227298258753,0.03242899470237734,1.706230318488787
2025-09-22,2,S207,5.088495575221241,0,0.7927808351637653,1.0113780025284402,0.5853822129435278,0.0,0.05011616329239965,0.7296487047428704,0.022862833705706378,1.7543303118728002
2025-09-22,3,S107,4.142011834319548,0,0.9355813613360695,-0.17011834319525798,0.9138359261245491,0.0,-0.22716359894821092,0.2780005346164127,0.0426431781511929,1.4796504484569228
2025-09-23,1,S240,9.523418819447693,0,1.2495002347610036,0.7630456186412893,0.606573450377184,0.0,-0.15761411546322546,0.8300594456281681,0.0263062098374661,1.711097491566078
2025-09-23,2,S296,7.126436781609202,0,0.8053622451399827,1.8673740053050558,0.9364285798669656,0.0,0.22811970638057577,0.8171256827442707,0.04140763934576694,1.606226317826264
2025-09-23,3,S324,6.742551574556366,0,1.0597882708074042,1.2985860334048915,2.2572725578834847,0.0,0.018526051730567206,0.7069889837521129,0.019892941555978916,1.3486568963738943
2025-09-24,1,S320,6.2937062937062915,0,1.1656238590052783,1.3986013986013957,2.412988278759763,1.0,0.03623188405797095,0.43202416918429,0.038051812232486194,1.1551629271247743
2025-09-24,2,S464,5.241935483870974,0,1.4478899941881833,-1.5552995391705071,0.7023629845126873,0.0,-0.047200878155872594,0.7788245850157021,0.016266834018344705,2.367527489013249
2025-09-24,3,S351,4.8938894987193615,0,0.915862936385129,2.5064032199048514,0.5164311025232771,0.0,0.27116279069767457,0.9725978647686833,0.02965500202917783,1.2772551690308755
2025-09-25,1,S440,11.19733924611972,0,0.6160650665360098,0.24390243902439046,0.4808611058783228,0.0,-0.06760388670663642,0.3967625582827483,0.023756059162823542,1.6340461469004108
2025-09-25,2,S351,6.025987616639039,0,0.5020628875297817,0.1656928577657535,0.915862936385129,0.0,0.2473621233547263,1.0201957295373665,0.026307382941452895,1.5087603273087844
2025-09-25,3,S342,4.8509123275478405,1,0.8853047105021729,7.6101468624833135,0.6519261867920164,0.0,-0.027272727272727337,0.550330639235856,0.026113648725711654,1.3000874625406071
2025-09-26,1,S337,11.021505376344077,0,1.3250211818763553,0.5376344086021501,0.9318572981799108,0.0,-0.06297229219143574,0.48124191461836996,0.031204458240727703,1.587567024467275
2025-09-26,2,S138,5.341294174600608,0,0.7019713438391701,1.6943682426980855,0.42364415162938807,0.0,0.05859241544243243,0.4894558091777901,0.027129829260325575,1.6420746244798323
2025-09-26,3,S256,4.6391752577319645,0,0.635770233509576,2.0618556701030855,0.6125629489024015,0.0,-0.18143459915611815,0.3967280163599182,0.02422508909772226,1.9302277473979166
2025-09-29,1,S450,6.129132875857746,0,0.7925872403076762,0.5302557704304434,1.0635567340613181,0.0,-0.029514151657333176,0.6644559585492228,0.020248743622148478,1.6829058672535726
2025-09-29,2,S012,5.5978368196387684,0,0.774025900963381,1.9535463093773187,0.8758259171747311,0.0,-0.1041357629863503,0.8089585253456221,0.017478513950637976,1.8546955369772227
2025-09-29,3,S454,5.593667546174164,1,5.765450082942774,5.54089709762533,0.7648836612453381,0.0,-0.037582529202641046,0.5519953393533353,0.018285692027703363,1.3872872328400352
2025-09-30,1,S455,10.084985835694038,1,1.612445702401725,9.971671388101978,0.6375113827308405,0.0,0.11850443599493032,0.7270854788877447,0.023589338917272176,1.3595986884579538
2025-09-30,2,S255,8.584012971612488,1,6.41528155980146,6.202657244500376,0.6244787926975225,0.0,0.03525078919677327,0.8820980274955171,0.0441127102998735,1.2436645675360751
2025-09-30,3,S158,8.55645436937451,0,0.8814994343433569,-0.26204853594621325,1.1443396157814174,0.0,0.18736471861471848,0.7924340917298663,0.04654273843973361,0.9576717251128738
2025-10-01,1,S477,9.380087664370684,0,0.7636359152569634,1.7407639323731905,0.5197713170207959,0.0,0.045020285302970864,0.9414608265047457,0.022469052014706094,1.4041636772863049
2025-10-01,2,S445,9.367842418689865,0,1.118176191675562,-1.305542830966555,1.049600714831633,0.0,0.18705818379554118,0.5692307692307692,0.02955395576552431,1.9302988265674668
2025-10-01,3,S207,8.863315162527762,0,0.8404999979541956,-0.7167373309105551,0.4432582531033423,0.0,0.1594101123595506,0.7614728265047275,0.02178180885436979,1.643941630030194
2025-10-02,1,S138,6.4421052631578934,0,0.1759768021206578,2.400000000000002,0.29637104480682563,0.0,0.20783183590439047,0.562751757365137,0.030598539905309294,1.3973506894623688
2025-10-02,2,S117,5.945400365279241,0,0.9974728977765037,-0.004806305873306105,0.9024471917314466,0.0,-0.25485280424038403,0.6447674238433171,0.027524206732099755,1.664762190313095
2025-10-02,3,S475,5.534612748457857,1,3.2853928000870463,4.986291980808777,0.9754011042961749,0.0,-0.026684456304202797,0.9271586305504805,0.02320897206999319,1.5432961932647602
2025-10-03,1,S142,6.869484961141348,0,0.5947903116530683,4.512088878921472,1.1288203932376886,0.0,0.1649333293140003,0.9180484946389826,0.025725493544722457,1.5572133664956609
2025-10-03,2,S464,6.243602865916076,0,0.8596970284466342,2.3029682702149668,0.692363372663619,0.0,0.13078703703703698,0.876626289816061,0.02353761834487917,1.8046417394603294
2025-10-03,3,S247,6.058410572863315,0,0.5904913505114011,0.22484822744648358,0.6519835257682667,0.0,0.14763984593770618,0.9991845497133442,0.03482806003032035,1.3686785208551844
2025-10-06,1,S391,7.3690812166823605,0,1.2146904363036446,0.18814675446847673,0.4235155736594474,0.0,0.12586054721977047,0.9325924842813277,0.027551253155917773,1.4670096086103723
2025-10-06,2,S126,6.9398093477777145,0,1.0682502070815325,0.8574215741643965,1.1953113913072928,1.0,-0.2726582436049044,0.504446094343532,0.03453185577102244,1.994461039595427
2025-10-06,3,S453,5.6512985018598805,0,2.56562672080034,0.12114800532367909,2.4939196984351257,0.0,0.007633850280251764,0.7994379953348157,0.030039548277079598,1.5541058678131903
2025-10-07,1,S264,7.697127376448543,0,1.3075707328457946,0.46783067393874056,0.7018833426205937,0.0,0.196945888806354,0.704202980157496,0.03625207585535288,1.3968274665621858
2025-10-07,2,S174,6.801994301994307,0,2.180297533862051,-0.35612535612535856,1.0036977319584186,0.0,-0.007773851590106018,0.38303096439776296,0.025780728540723975,1.7247298760322738
2025-10-07,3,S337,6.756756756756754,0,0.823575764662732,-1.1261261261261368,0.9297069357655572,0.0,0.22314049586776874,0.574385510996119,0.038128195692593805,1.232042190567898
2025-10-08,1,S182,7.281697540028786,1,4.0767540381385645,7.631164203649998,0.5828170338842702,0.0,0.03569738834216496,0.6849342928660825,0.026808031247178257,1.7992819920141778
2025-10-08,2,S273,4.728012201321818,0,1.6103191584763878,0.2796136248093495,5.802956561853289,1.0,0.003699451460645653,0.4691991174190471,0.05840452421911848,0.8633104356372238
2025-10-08,3,S415,3.760071620411809,0,0.502605165512113,1.3876454789615078,0.8634081172267384,0.0,0.12714429868819366,0.36497304362032346,0.02708980191853916,1.622877160263479
2025-10-09,1,S174,10.02462187829758,0,0.9145944292496332,0.03517411185367525,1.1896258330840395,0.0,-0.055167829843801974,0.38780521074887464,0.031487756516269505,1.6676298430361183
2025-10-09,2,S004,8.958731161490686,0,1.0478548564997092,2.264210541429157,1.3687693872883115,0.0,0.0018123498698272567,0.8326008041218217,0.023401507211547077,1.9147927843319807
2025-10-09,3,S324,8.085172673903763,0,1.3819433010910824,0.4121434740305796,1.0042046740893407,1.0,0.031082505311924136,0.7174718711149981,0.028489160947353345,1.4324215648158916
2025-10-10,1,S089,11.106683016554264,1,6.785182599149576,-0.8369098712446288,1.0046726807492787,0.0,-0.08424805592206841,0.6486250024855341,0.028919261132171983,1.8011866922611077
2025-10-10,2,S425,5.737168685446936,0,1.0958928484332153,1.0784449774993599,0.37953410295218337,0.0,-0.18821011297434742,0.3905284672437019,0.04135540004278252,1.5293131924221373
2025-10-10,3,S416,5.052174811447463,0,0.6844155218382418,-0.25829114577952117,0.8853855854592264,0.0,-0.023260507593723112,0.33841474074333067,0.02975605621970194,1.2456213249522972
2025-10-13,1,S342,15.127455077308817,0,1.6055086279333513,-0.29251984956122357,0.5786534584441245,0.0,0.0046179680940385825,0.5860886602987999,0.031806389080035864,1.3007029195655686
2025-10-13,2,S273,6.035868893011753,0,1.7369416069186445,3.9084724799010484,1.314062832012965,0.0,0.13617200674536267,0.4821396624724194,0.02869358674327843,1.7762644533335175
2025-10-13,3,S415,5.986509274873542,0,0.4573519958710835,0.0,0.48560231994164804,0.0,0.12470365101944036,0.39187179910788034,0.023600929191184526,1.8564837521396755
2025-10-14,1,S131,15.457840588730654,0,0.9236052938622799,3.577051221030292,0.6606114618996742,0.0,0.027963869025216415,0.7108502719725164,0.03138440935335052,1.496979343201366
2025-10-14,2,S415,6.165473349244244,0,0.4796107309882115,1.2728719172633296,0.4573519958710835,0.0,0.19771319676036203,0.4153312407070874,0.023936112313713148,1.8505429702575689
2025-10-14,3,S174,5.880503144654092,0,1.4930122382998459,1.0062893081761004,0.7368104371876383,0.0,0.029792746113989743,0.43377438275815033,0.038663299043196556,1.448913215750772
2025-10-15,1,S066,7.165897052831727,0,1.0684249689524026,1.6161890533749945,0.6716615090822067,0.0,0.024542118170907568,0.7873497921484234,0.027905604667244083,1.6828227129535607
2025-10-15,2,S134,6.321031796705401,0,0.3852892106436764,-0.3873494232324526,0.7117016708238114,0.0,-0.11337132505566672,0.6886413601055253,0.0209688110298727,1.9494875482657859
2025-10-15,3,S133,5.6317689530686055,0,0.6442247828303824,-0.10830324909746336,0.7070331806367249,0.0,0.04528301886792452,0.8429701765063907,0.01698309743684252,1.5396188633018926
2025-10-16,1,S461,7.207270926901743,0,0.438479959085987,1.9857127700958488,0.6655943490627442,0.0,-0.2133040284887603,0.657887695869153,0.04116152105696037,1.4193055353211308
2025-10-16,2,S240,7.134305537525076,1,3.3090753809425624,4.77735947033624,0.8022070171498559,0.0,-0.20092439977408694,0.6744987011470769,0.039988684156016925,1.8457370188354953
2025-10-16,3,S485,6.614858906525578,0,1.26703997920481,4.698522927689597,0.8449641894200525,0.0,-0.054226633236552746,0.6301925588374226,0.030856746482520132,1.5033220579065318
2025-10-17,1,S048,9.912654885232563,1,8.504033459725118,9.79077798090595,3.0555769602986262,0.0,-0.05208433618946762,0.7176907937896349,0.020074757949510767,1.4812887076232986
2025-10-17,2,S264,9.237979883090208,0,1.3428085643423298,1.4276686502711966,1.3738489414491466,0.0,0.13296142716506076,0.7979443132443039,0.03427367210186358,1.3710118080060687
2025-10-17,3,S475,7.389578582889955,0,0.8445260897557568,1.4356895532471992,0.3703698190428098,0.0,0.002200592467202611,0.9192609269466656,0.0311003274816391,1.541810873314595
2025-10-20,1,S401,7.5505765521769685,0,1.1156957187860903,-1.288522302925843,0.7227007302840583,0.0,0.14623706491063038,0.8972716226665193,0.03069891811714759,1.6462614649850418
2025-10-20,2,S107,7.182767835452264,0,0.4384252906014606,4.413312818851711,1.3911987434188964,0.0,-0.07857036263244288,0.25392223387411844,0.026813217318346644,1.697935317187252
2025-10-20,3,S443,6.033019595741385,0,1.1311450344789744,2.545903409967609,0.8511923366876483,0.0,0.0789079407358082,0.4032227959932807,0.031401410290563495,1.4432244628577846
2025-10-21,1,S214,12.300158432954046,1,3.0118826519727158,8.901051418695083,1.7774441639059153,0.0,-0.25287851070698375,0.5628242542153049,0.039533926481221615,1.7372853835642945
2025-10-21,2,S455,10.713471620697511,1,6.594188122417148,4.3537725096877145,1.8400434240151948,0.0,0.29295608605953416,0.9036045314109165,0.028500781894819815,1.118562427969769
2025-10-21,3,S417,9.013215161826382,1,4.587604019527523,9.052781514599983,0.813394024993682,0.0,-0.05027807004358931,0.7506831412617322,0.019638742280453897,1.4336093590313448
2025-10-22,1,S422,10.277221460946562,1,6.992426817870353,5.006851480973973,0.6274957579654411,0.0,0.03762441211856071,0.6620838858259475,0.025577663851905658,1.598681591199652
2025-10-22,2,S445,8.196366782006926,0,1.2918635418578415,-0.04325259515571833,1.143689985716568,0.0,0.07061819865709662,0.6028683181225554,0.0355752780163741,1.2700818048821791
2025-10-22,3,S129,6.978050264426461,0,1.2781932788901136,-0.6130949595170132,1.221457145815531,0.0,0.01006901767987145,0.8159080494883153,0.03401256274528401,1.5948773183499232
2025-10-23,1,S174,9.071140105622867,1,4.369939508124521,-1.1183597390493794,1.5851879500535764,0.0,0.017061611374407537,0.43909425726367474,0.04064703952688419,1.5241842552837777
2025-10-23,2,S363,8.833191385813354,0,1.0205496083655754,-0.23117167538629912,0.9471251924622744,0.0,-0.16149765354009382,0.7540366972477064,0.04765336938479815,1.5067616292775348
2025-10-23,3,S129,7.29722635401171,0,1.2982367470269958,1.5224429083909419,1.2781932788901136,0.0,0.054238538880177156,0.8728425232931114,0.03538011952224972,1.517567938360005
2025-10-24,1,S421,7.821730352202194,0,0.7763379434283193,2.602258281612224,0.543200723381752,0.0,0.22083257257622768,0.8595025387235683,0.04442897401175614,1.4512961809076677
2025-10-24,2,S254,7.180690341616014,0,3.480836087683418,0.2061782375315513,1.0222212367805756,0.0,-0.18996199032480998,0.7314542759822148,0.03348685345770274,1.7193319542545398
2025-10-24,3,S483,6.16599695164195,0,1.3773313099262579,0.11084938340031325,1.7735735832160433,0.0,0.06030999779622426,0.7684608422509716,0.03282077248515742,1.4839518591338068
2025-10-27,1,S162,15.519877675840977,0,0.6640378909593532,1.3761467889908285,1.0258200370866375,0.0,0.15854738706820193,0.4814133235185866,0.017922482316523363,1.7398112861847967
2025-10-27,2,S255,9.593335156628036,0,0.73210240313068,0.3702690762207306,1.1615526648543895,0.0,0.09732899323591182,0.9951845570839353,0.027276575952047195,1.2439725829175967
2025-10-27,3,S477,7.884949169352828,0,1.0365846362849658,-0.32234068931314974,1.2378711597540928,0.0,0.03936602023065516,0.8894525004135193,0.033516416089576326,1.2653218201575938
2025-10-28,1,S214,9.486981180716668,1,5.6530732750919395,11.704047434905895,0.6170511756888984,0.0,-0.07488671595516339,0.6288910505836576,0.05065221068061584,1.1956873788269302
2025-10-28,2,S075,7.625503071383188,0,0.8518541211225141,3.770387629739469,0.7894823635435717,0.0,0.031236347750109195,0.9408130729374253,0.025712145485009563,1.7135271929125198
2025-10-28,3,S270,6.293479554605175,0,2.062363646146795,2.7313881854635014,2.331573050387765,0.0,0.08572663550360726,0.8154059309186198,0.030269180027378016,1.6892463245153262
2025-10-29,1,S174,8.127031757939474,0,0.6594825319074322,3.5258814703675867,0.7462907412671166,0.0,0.3551338529312098,0.5454917473741645,0.04512104183986907,1.2378536822555504
2025-10-29,2,S255,6.892648864333961,1,12.009313627804158,2.749002455494187,0.5343572353948449,0.0,0.2615377168993973,0.9744279946164198,0.027853139050049786,1.3398928336747022
2025-10-29,3,S458,6.076979116075765,0,0.9903385507783521,1.542010684798445,0.48807490739215775,0.0,-0.07021901106344541,0.6077555990111795,0.021321259578978985,1.6319380661478922
2025-10-30,1,S021,14.573164117583248,0,0.48698038330878857,1.4209784141447024,0.7676978385625585,0.0,-0.32130894099458907,0.535257061572851,0.08466209565173205,1.098792167537997
2025-10-30,2,S415,7.566607460035524,1,4.06467050841024,2.48667850799289,0.6178329329866017,0.0,0.2657374100719425,0.4897355601948504,0.031938680125068175,1.6810949752747546
2025-10-30,3,S300,7.014863175441044,0,1.4968852219049622,1.6715284530258945,1.4581821729257278,0.0,-0.2728527659001381,0.538699458731386,0.03295610638308046,2.121221274487328
2025-10-31,1,S258,5.770909277609482,0,0.6795990828249944,0.9960466190891859,0.865913530281785,0.0,0.02289795704007158,0.51334967449461,0.023648155197344062,1.4924790001734434
2025-10-31,2,S372,5.001180916391124,0,0.7539580333592425,0.50188946622578,0.7170964180728354,0.0,-0.10552445336431815,0.5856965002074975,0.0304529078955275,1.0734703982946254
2025-10-31,3,S162,4.588910133843216,0,0.591858190689323,1.2109623964308591,0.5693646600449994,0.0,0.2704453441295547,0.5774751564225248,0.03662602033593265,0.9844291343985954
2025-11-03,1,S477,9.079408889655571,0,1.228353022354307,0.7187625783451113,0.47009382396660787,0.0,-0.007419667827178844,0.9263342921061041,0.03424913237903814,1.5409940082309055
2025-11-03,2,S352,7.438977140643144,0,1.0208967479356992,0.6005424254164948,1.1263992879480098,0.0,0.12954048140043772,0.9919292851652576,0.030941460637944486,1.4409160364330473
2025-11-03,3,S007,7.086964583719646,0,0.8248501119815737,0.3115149267569173,0.8900990714842248,0.0,0.036756507362835755,0.6472480257314994,0.03814784060457061,1.271214244037847
2025-11-04,1,S380,4.978848865530061,0,0.8739353707632522,1.4305858223304657,1.099152392975856,0.0,-0.014801343739738848,0.9589899933616896,0.037439303203179515,1.4161279133355187
2025-11-04,2,S376,4.663969631623033,0,1.9456039561281055,-0.7431697884550226,2.76421754473877,0.0,0.14192970673830319,0.8616951026613635,0.032436615471907765,1.6835085669032268
2025-11-04,3,S299,3.5815984306777127,0,0.9536016216834448,0.4524457381509972,0.7087877659603484,0.0,-0.10247199307103605,0.8406298207351455,0.02488825261117959,1.7297374439589743
2025-11-05,1,S380,11.390333846191414,0,0.6356490721577671,0.9158180086453305,0.8739353707632522,0.0,0.032893575158287724,1.0067366557667248,0.03555922851208299,1.5188417026346979
2025-11-05,2,S376,8.491690505380745,0,2.673413133188072,0.8002996866911971,1.9456039561281055,0.0,0.16995039544195856,0.9018843005666723,0.033144970442664505,1.7101057952966219
2025-11-05,3,S445,8.320144698168663,1,5.393478036128138,0.31652724395205833,1.2290104778253492,0.0,-0.07681068670423707,0.5766623207301174,0.03818965689882177,1.7934015030729287
2025-11-06,1,S415,8.342208022719188,0,0.8074155422475768,-0.9584664536741228,0.7864674394517934,0.0,0.26096687555953446,0.5165016501650166,0.036616959440152606,1.4382663609497779
2025-11-06,2,S309,7.158377890085199,0,1.1800403144917317,1.3403647549988795,1.0392810736107139,0.0,-0.21216784158339652,0.706177479698626,0.02091255383412438,2.170607765985084
2025-11-06,3,S451,6.924381146151215,1,12.01366786485997,7.7924720244150425,0.8644298127364706,0.0,-0.07403918613413707,0.6311261396224801,0.028967994774626585,1.528295788375052
2025-11-07,1,S132,6.088312237401894,0,1.1183289141635984,0.013212483154090293,0.804465277918949,0.0,-0.057459526774595204,0.6904019119551932,0.03060784893055165,1.9130986976925295
2025-11-07,2,S296,5.139482281980401,0,0.8123712179400706,-2.1110831867303337,0.7997313884954331,0.0,-0.13157033210869018,0.6899401785972314,0.02385950572982843,1.6108430646657044
2025-11-07,3,S444,4.683175616064195,0,0.26052095446187373,-0.7166769394389982,0.6184344187731492,0.0,0.40095154244692033,0.6500711014039582,0.024299879174109675,2.0323613431719063
2025-11-10,1,S273,7.019704433497553,1,3.5436361057516037,2.8735632183908066,0.6894777560809624,0.0,-0.10441176470588243,0.4358041624426024,0.037485452305979744,1.482577872302129
2025-11-10,2,S382,6.261075014766693,0,0.7714077437694021,1.0632014176018778,0.8897461040382817,0.0,-0.014551804423748593,0.5441980070716811,0.02554394334252851,1.9902796104594682
2025-11-10,3,S376,5.198338356275967,0,1.345853737857521,-0.21340718416552606,1.6250237962409881,0.0,0.26535702506596315,0.9417766185946609,0.03633994674672896,1.6925290529089994
2025-11-11,1,S126,7.473813343399072,0,0.4235939084837148,-1.4456921770312325,0.5059111514197693,0.0,-0.15214504024450748,0.4574297258097935,0.02316428579918115,2.0006941375353757
2025-11-11,2,S097,7.182518737464361,0,0.7615267642026218,-0.1308983426580812,0.7613701281789482,0.0,-0.04481013168774073,0.8483334228861068,0.02494592527455777,1.6132373557638782
2025-11-11,3,S443,6.127413714459484,0,1.6983156728198405,3.314581116010351,1.19255170505682,0.0,-0.0030316810671517924,0.4973909097784164,0.02889121448638703,1.6438333468636432
2025-11-12,1,S142,12.097795980906367,0,2.4951531017085893,3.9866815958512714,1.8861542304269077,0.0,0.10443802627832222,0.9173052233259004,0.024811501328142006,1.6914447309880327
2025-11-12,2,S107,11.546992838582938,0,0.8038121025332158,0.3168768616515605,0.5955204359609236,0.0,0.26191618682021733,0.3805010972051412,0.025431404966195295,1.3061703615544114
2025-11-12,3,S396,9.829306276414052,0,1.9401575833509073,2.6098560511718993,1.6655965893624383,0.0,-0.2613620930203844,0.6556037742052142,0.041902910910709544,1.7166782889127072
2025-11-13,1,S007,6.9765093895133745,0,0.9397574681406041,1.056740930201272,0.6936535156175093,1.0,0.21599279751186762,0.7132329996879575,0.03647853807371404,1.5253451305532995
2025-11-13,2,S264,5.029696767359537,0,1.5346940982664543,0.9554074495402132,1.3382363924116705,0.0,0.359697594655787,0.9950089404353746,0.033096119760546786,1.2472371917188785
2025-11-13,3,S214,4.794683123664845,0,1.1399954907096497,0.05934013766910606,0.794251835945024,0.0,0.2941176470588236,0.683041504539559,0.04347936157412089,1.3314487483297368
2025-11-14,1,S425,6.646956665564008,1,6.957749615615203,7.709642739000988,0.7547202206426267,0.0,-0.0325819549172951,0.37446386820061006,0.03712917795416666,1.7809571969307345
2025-11-14,2,S042,5.1024734982332065,0,0.41178671636472974,0.6925795053003503,0.6698430595820044,0.0,0.16480079025353955,0.9368379237288136,0.030433664654859128,1.8029795606958159
2025-11-14,3,S421,4.991834126251504,0,0.7512736274584315,1.4059504366967124,1.4452586187635283,0.0,0.2509326701012615,0.8944426802159415,0.04348923060571433,1.3581087383206372
2025-11-17,1,S376,8.745247148288993,0,0.7001111621878781,0.15275540870374194,1.0682162903908794,0.0,0.20422690100573848,0.8606316090311517,0.04996442906259942,1.6320147594406824
2025-11-17,2,S341,6.295061862705342,0,1.464943095265528,-0.966264798093186,0.606100608604809,0.0,0.18089976875102187,0.8300577939776048,0.02340035129689656,1.6254754422887765
2025-11-17,3,S206,5.939619750155867,0,0.5958547236412555,0.7354101094476428,0.5554414649321054,0.0,0.11708483678778214,0.8411664349804119,0.019636933109100203,1.4682582120138157
2025-11-18,1,S238,12.764632627646332,0,0.8798830711768473,0.7471980074719831,1.5824944639973273,0.0,-0.07523992322456818,0.34286934244235695,0.01986039527551128,2.0349001809898377
2025-11-18,2,S256,12.173913043478258,0,0.9640646506429291,0.0,0.8940805852507551,0.0,0.03603603603603611,0.4935622317596567,0.04240431451318996,1.5453132427093745
2025-11-18,3,S214,10.17890876764087,0,0.7655044311091398,1.500166685187243,0.5063822504229675,0.0,0.32338235294117634,0.7294909208819714,0.04384098112568214,1.1109200084709767
2025-11-19,1,S034,5.440806045340052,0,0.6372354557496679,-0.3022670025189078,0.7796536914486616,0.0,-0.1380807642205818,0.6786324786324787,0.039133954460935975,1.8583350592290808
2025-11-19,2,S133,5.2268602540834985,0,1.044423409524073,0.29038112522685733,0.8209040503187915,0.0,-0.036713286713286775,0.8384053560559952,0.01528293655304332,1.9526250035847086
2025-11-19,3,S119,4.641034046738168,0,1.1371334858865663,0.46831826909568,0.703378112354223,0.0,0.0291098366186322,0.9060550770144693,0.013476273634528043,1.8733441191579507
2025-11-20,1,S402,16.666666666666675,0,0.6714718022079719,0.0,0.5023791244553502,0.0,-0.14285714285714302,0.45454545454545453,0.036374411185914786,1.5055062465891922
2025-11-20,2,S127,13.604414754574501,1,1.3832440983777683,4.937554458321225,0.5318086002326727,0.0,0.115177819524519,0.9941672441672442,0.023288161165208574,1.1657532662869659
2025-11-20,3,S132,12.294534565587355,0,1.4170601811536272,3.6278248131153212,1.3234167871537574,1.0,0.11691530317613075,0.8468611460784851,0.031975225285527,1.3967536753784062
2025-11-21,1,S264,8.483510271855298,0,0.779923934325579,0.4705799226298657,0.8420921142418353,0.0,0.30714773902763426,0.9730687650615871,0.026891025057355192,1.710866654177043
2025-11-21,2,S376,5.014037550447448,0,1.4498677626271739,-0.39773059601100336,0.8282532912770607,0.0,0.3128311448974892,0.9070748335411305,0.05164990305748337,1.5299910105324883
2025-11-21,3,S171,2.9388528993522067,0,0.6125635079365803,0.7110127982303815,0.3366760574950513,0.0,-0.11593798016482759,0.6709424361284851,0.017684902845805994,1.764531035746122
2025-11-24,1,S021,10.631510942421073,0,0.9761091010790938,1.5545505935556925,0.3818102848108925,0.0,0.28748180494905373,0.7189595610648242,0.044259852678210934,1.0950769525423547
2025-11-24,2,S421,8.684546615581112,0,1.0096573063337484,0.057471264367814356,10.926764655774969,1.0,0.17101622672549177,0.8632855567805953,0.04839920211145385,1.2554847008615515
2025-11-24,3,S328,8.516984258492123,0,0.8067065997798742,-1.1350455675227855,0.5003184432929177,0.0,-0.02966476404855689,0.45672985961327434,0.0397411689948769,1.6701752593142487
2025-11-25,1,S443,11.600641737628049,1,3.279019199284446,8.095766999876597,0.37165305312700664,0.0,0.17434782608695665,0.6639082343301925,0.030102248101773393,1.517192797771334
2025-11-25,2,S296,6.7504674012490495,0,0.55153412676679,0.584748796690393,1.051201667817589,0.0,0.08615251674227697,0.7264977025113429,0.028202429884652932,1.9252986656327797
2025-11-25,3,S415,5.975569494882804,0,0.6892558545336692,1.2875536480686733,0.4168335916532441,0.0,0.18043647700701482,0.5553722038870553,0.031941740569581135,1.404185913497705
2025-11-26,1,S131,10.07960266702954,0,2.4444126375271042,0.8640631378418862,3.7800502530951854,0.0,0.012084696161129171,0.7650625927179032,0.04259258552974213,1.5917302882981645
2025-11-26,2,S018,8.084400189663366,0,1.168764886834298,0.6875296348980431,0.9387812342910814,0.0,0.01126828098777266,0.6604039455143259,0.032983354863804104,1.4355149359328438
2025-11-26,3,S132,7.294794569810303,0,0.5057882538399701,2.218825856333728,0.8864192440578369,0.0,0.3697263748984063,1.0146315655045335,0.04312915025991149,1.2936265641450697
2025-11-27,1,S273,12.368450831730215,0,0.7685950980966321,0.03394817245672144,1.010336199539537,0.0,0.15335421560950135,0.5269843162979307,0.03448079812880075,1.3230516291937777
2025-11-27,2,S297,11.815416981088944,1,7.014650973914087,5.636733667192617,0.5875592126470396,0.0,-0.01322291671367648,0.5195062843023118,0.028848995406865897,1.557947899629201
2025-11-27,3,S018,11.71309497696862,0,1.867233633235222,0.5922351392849245,1.168764886834298,0.0,0.10467652047492115,0.7137936433380304,0.036881842105273725,1.2926820206891299
2025-11-28,1,S292,3.634532637553778,1,7.327545235774065,7.433855167994152,1.6919194809549856,0.0,-0.05860553305179694,0.762034323984931,0.02811482530401806,1.6700099940875193
2025-11-28,2,S328,3.5587929240374683,0,0.7300941423832935,2.650017343045441,0.6457091056315553,0.0,0.16919458188011993,0.5454648654784879,0.044190482054480486,1.1808593737939583
2025-11-28,3,S021,3.3328565298240465,0,0.4241003402377211,1.6878844228293666,0.5744628654073798,0.0,0.5166503959214666,0.8117978343542253,0.034071717089120365,1.35872851759475
2025-12-01,1,S029,9.980806142034538,0,1.1030604024378523,0.4008129163373564,1.0276899158814832,0.0,0.02127414240415093,0.8970476528080216,0.0327979546900473,1.8857203272892358
2025-12-01,2,S127,6.765144589327821,1,4.162221897979404,8.030601934273207,0.6553185253772337,0.0,0.2441185273870099,0.9324748743718594,0.041018323024679164,1.2428388257299974
2025-12-01,3,S270,5.38457459032331,1,4.118776573556532,6.152839894641926,0.8167449305420608,0.0,0.03640014510224954,0.9103153734499262,0.026376550569722452,1.6264761330894486
2025-12-02,1,S015,8.657702288275537,0,1.1799608291562484,-0.22410945977824337,0.9766185198940609,0.0,-0.0478436657681941,0.8846916414483982,0.02666508451055402,1.4458444995696003
2025-12-02,2,S342,6.891231679094889,0,0.7481342753970006,0.05142710208281276,0.44772421195819795,0.0,0.1105082809822957,0.9211274277593557,0.021365579630499128,2.0803417621062215
2025-12-02,3,S007,6.242638398115408,0,0.6377722670932102,-0.10916716941022919,0.47625035508982283,0.0,0.2908956054144263,0.8712923331080574,0.03565452396557532,1.652395798079835
2025-12-03,1,S025,9.277504105090317,1,0.9829892212074347,8.210180623973717,0.3349041325470451,0.0,0.11538461538461542,0.7069065583284968,0.011462978484827566,1.4529327090961284
2025-12-03,2,S134,8.69580795413829,0,1.6854997038786832,-0.13256897169473536,0.760468131293861,0.0,-0.12743075095354217,0.7830649234049717,0.03867985790151635,1.754889970661791
2025-12-03,3,S401,7.816079983336821,0,0.6279483236333017,2.4890647781712127,0.9872546877423806,0.0,-0.2590191766022303,0.6671298547905231,0.05767472541920575,1.0630589048606967
2025-12-04,1,S440,5.404346974740548,0,1.0568526112264187,-1.037791266888588,1.3381215854311637,0.0,0.002158555729984357,0.4494807252244323,0.020337320986754715,1.9166786736804604
2025-12-04,2,S337,2.2181146025878062,0,0.7755719261739192,0.3696857670979492,0.7794264706498938,0.0,0.3067632850241546,0.73806275579809,0.03670350677154927,1.7014855610542932
2025-12-04,3,S014,1.6036979387764827,0,0.7632435347230796,1.1980566954389094,1.456872083386679,0.0,0.26181406975360066,0.46873756356400614,0.029361173302455985,1.785811085366155
2025-12-05,1,S485,9.002766232502534,0,1.374557891232907,3.54953502272759,1.032223053893091,0.0,-0.2058222845346257,0.4997290838867432,0.03304429878720203,2.157634099282375
2025-12-05,2,S182,5.285741681848699,0,0.7468060228297274,0.1630069997123451,0.8269494502320024,0.0,0.013902391600233432,0.6526282853566958,0.030969107491689477,1.606428800984717
2025-12-05,3,S015,4.756649376448507,0,0.9882075095959386,2.3728065334952086,1.2551413227648032,0.0,-0.01220974599367719,0.9455285401231347,0.03053167110370076,1.5512263321454585
2025-12-08,1,S076,11.55579114762788,1,3.5315496825721016,9.620991253644306,0.4491387689805014,0.0,-0.029328531000771596,0.8699561909153795,0.02520942230594321,1.8113382231838675
2025-12-08,2,S412,5.903292791456538,0,0.6694994068813699,0.23731830317412772,0.7938623337051638,0.0,-0.010275983558426294,0.4355297157622739,0.04457904990248667,1.969709323029373
2025-12-08,3,S020,5.786323235987667,0,0.673494458005573,4.081262470524205,0.3427136040728878,0.0,0.046110056925996235,0.7167186687467499,0.029502642189389465,1.4742610316866471
2025-12-09,1,S199,1.308012907103473,0,0.9426123059841827,2.0760037762080685,0.8207731679882264,0.0,0.009375833024380276,0.5228864297233121,0.04189270173159675,1.0899041429690892
2025-12-09,2,S302,1.0622887493964228,0,1.1718669153330585,-0.33057237306391984,1.8112640444742412,0.0,-0.052857469525601886,0.8595144220792695,0.025320148787091996,1.6352111703163377
2025-12-09,3,S184,-0.5365218057790999,0,0.9468250340593087,-0.19161493063539758,0.871032523951976,0.0,0.05230471427995331,0.7352079341823509,0.028338131220958376,1.8959903966581095
2025-12-10,1,S021,-0.7150755621083693,0,0.62559518737419,6.17766310357537,0.47913165073598657,1.0,0.15545144804088595,0.7875867274363515,0.03809295945418734,1.4754844567035328
2025-12-10,2,S131,-0.8736816457238339,0,1.1323311475962536,1.8343833756830907,1.5760971786442817,0.0,0.004580739911882015,0.7477031986050022,0.050121195936863525,1.5787949383401219
2025-12-10,3,S254,-2.2515607409681615,0,1.1723946518948394,-0.19104151741548003,0.7613253416309703,0.0,-0.11651948521655275,0.7369334037257712,0.0382369237449184,1.951790494303229
2025-12-11,1,S300,20.514893352403462,0,2.37249708313121,2.562029724519621,3.225311023829377,1.0,-0.20568041491726363,0.401112469132723,0.028842401496237322,2.000645133414294
2025-12-11,2,S445,18.36669844296155,0,0.854535060882975,0.44486812837623013,1.374839430580357,0.0,-0.3054513352460825,0.551814834297738,0.0501864932545875,2.1912006264939214
2025-12-11,3,S256,16.50485436893203,0,0.9250082586537638,2.4271844660194164,0.8136512174583449,0.0,-0.06363636363636371,0.47795823665893267,0.049402897035440256,1.6914897117720027
2025-12-12,1,S402,8.333333333333348,0,1.6585024798518488,0.0,1.4059594258552182,0.0,-0.1724137931034483,0.3636363636363636,0.07082250327465356,1.4287898631493463
2025-12-12,2,S181,7.9815601554732,0,2.0471239489901585,0.8112627677845152,0.7411847259835087,0.0,-0.059528616666312595,0.6079573556080673,0.03831923040078874,1.7588579216921414
2025-12-12,3,S074,7.931450223906289,0,1.1988045543298254,1.1195315191181443,0.7215132678536753,0.0,0.04429155987229638,0.8260359238840476,0.03524584804884896,1.655017959217732
2025-12-15,1,S451,6.899944652850376,1,4.298650200652012,10.313018879527691,0.970040282206298,0.0,-0.026986596457635126,0.8086026852312284,0.0347544646163593,1.5197182081157048
2025-12-15,2,S247,-0.3607422587799225,0,0.6882375842658712,-0.6063838746806605,0.418782305444061,0.0,-0.12610092981035803,0.534926153129951,0.037603747002850726,2.041779068277577
2025-12-15,3,S427,-0.977696303085851,1,3.2188633866439025,8.829819737244126,0.9093788027915913,1.0,-0.20099275775083414,0.7173960692628041,0.03857149726543905,1.7356718401770705
2025-12-16,1,S425,2.070134737217799,0,0.698380742366143,-0.0423842241456196,0.8240161844878556,0.0,-0.1309539964717058,0.3470572751343233,0.049144999493360285,1.948156216162288
2025-12-16,2,S270,1.2859444146129162,0,0.8226367409427731,-0.44253522691503067,0.7814146397878381,0.0,-0.23513395812901183,0.6952698810148338,0.052247854637864466,1.7895873006222165
2025-12-16,3,S351,1.0976948408342624,0,0.6318094658375283,0.041163556531276235,0.5472309164382717,0.0,-0.17049852037332125,0.5708020050125313,0.04269751430248756,1.8914210113523284
2025-12-17,1,S425,2.463064953230165,0,0.48927639672882595,1.9145030159978926,0.698380742366143,0.0,-0.1312701727738751,0.35424182834492046,0.04885509397034697,1.89952053946275
2025-12-17,2,S296,1.423381064329976,0,0.8307122057448914,7.4032913015601665,0.47312940574065154,0.0,-0.05945967677092545,0.6760974481981331,0.03898489673365973,1.5545015063534036
2025-12-17,3,S440,-0.7865414026654971,0,1.0712660759487183,1.6167795499235194,0.9855624032722068,0.0,-0.131169324221716,0.402834008097166,0.028929000194710185,2.020270091564477
2025-12-18,1,S270,9.712657104144263,0,0.6865388972507139,3.56118301172732,0.5571920816955902,0.0,-0.2713822732410093,0.6888394681874798,0.04861035943895805,2.0410820299545898
2025-12-18,2,S238,9.309542280837867,0,0.6064335809271593,2.663563485906395,0.7584603177989148,0.0,-0.2882385422418553,0.3093847507800624,0.045533167765255574,1.8263138302230215
2025-12-18,3,S154,8.942411610313417,1,1.6312131591027792,8.908445267870913,0.8373350814158441,0.0,-0.388500755287009,0.5917338157101355,0.04602961489360519,2.170693476525425
2025-12-19,1,S021,4.347265776021314,0,0.40382961346658697,0.7173847673869194,0.4410294240154929,0.0,-0.052505189466400815,0.6757917960925479,0.04012786887199895,1.8125215382377937
2025-12-19,2,S483,2.6065370293752554,0,0.4464915097627036,-1.5721969383533319,0.6383279126403514,0.0,-0.2698252857358643,0.6280368974925296,0.0488761081179711,1.7065027530544281
2025-12-19,3,S188,1.9602256538834073,1,8.680963679153146,6.15989515072084,1.0152064886203143,0.0,-0.30083665338645416,0.6685078663669956,0.033074369966438616,2.090227457358898
2025-12-22,1,S134,10.613695671735801,0,1.9630774448482995,3.837847565913788,7.10015812792592,1.0,-0.36042128284078156,0.6235901464564277,0.04684927563264603,2.0319926947665317
2025-12-22,2,S075,5.9650053022269445,1,7.014641235978192,3.6320254506893024,0.7315697772158888,0.0,-0.30699981627778805,0.6686757667080304,0.03447903270124064,2.563202955819017
2025-12-22,3,S485,5.2749320710877345,0,1.01697900745007,1.7426286328766416,1.1692130500661442,0.0,-0.4250772797527048,0.36175289671844174,0.052478648983132425,2.3396354306885905
2025-12-23,1,S440,5.150011811953692,0,0.7201215855202933,-0.23623907394281218,0.7965716550009959,0.0,-0.2272727272727273,0.37255764830135535,0.02986849305297265,2.261496706472198
2025-12-23,2,S012,5.009260578429986,0,1.1596363585343517,0.17238922923494826,1.741649112886716,0.0,-0.32188161187166087,0.6433547204399633,0.04600223403485298,1.7257773645184458
2025-12-23,3,S376,4.7887263615531195,0,0.42766620489764595,1.4391878868353025,0.46634203047132405,0.0,-0.3498336048567887,0.6031752183124064,0.03326627500516648,2.6830396301049015
2025-12-24,1,S380,17.023143577931332,1,5.25754723154931,8.017988373368446,1.4669101265698243,0.0,-0.45066179276547025,0.5317998872275476,0.045081970396688945,2.4213153614761187
2025-12-24,2,S182,11.116241842137665,1,7.8957041485760335,13.985346632188133,0.7020309418328154,0.0,-0.19752964426877462,0.50819774718398,0.04131451760190836,2.041795900942001
2025-12-24,3,S320,6.1728395061728225,0,0.8285800772882619,2.4691358024691468,1.836835710987772,0.0,-0.3305785123966941,0.3176470588235294,0.045649529387188026,1.7385738405614342
2025-12-25,1,S021,7.714804803474107,0,0.5447777687725576,-1.5199184650152908,0.3758781425757439,0.0,-0.1989564106204742,0.6551223618892792,0.033527763365801405,2.082944933151955
2025-12-25,2,S396,7.516345974220062,0,2.1079177853734428,-0.45083753658384795,2.249138792363229,0.0,-0.1972005249015809,0.5866237082333344,0.030287204483540813,2.2965770750828156
2025-12-25,3,S171,7.029837251356241,0,1.262927570594733,-0.022603978300173022,1.9727767892200994,0.0,-0.3345367027677497,0.4689918371673911,0.026110866292497207,2.2977948612773242
2025-12-26,1,S132,9.443990188062145,0,0.729684076966481,5.400282464877737,0.7623301960828771,0.0,-0.5491017562675962,0.4459360912224874,0.045531365637062025,2.6851010628033136
2025-12-26,2,S456,8.24596508465234,0,0.8698743749633957,-0.9573563066895163,0.6703280208396016,1.0,-0.39900048247603825,0.49442535545023697,0.062273528646954235,2.117396118692994
2025-12-26,3,S351,8.060654429369517,1,9.33003634455698,6.145251396648055,1.2848396351567453,0.0,-0.3266337059329322,0.49067982456140347,0.04367663959028447,2.233952549116561
2025-12-29,1,S475,8.88010066510876,0,0.787455256015238,-0.4673737192162464,0.7690184414734679,0.0,-0.4452532907857998,0.41827067669172935,0.042557113740453095,2.478553489833247
2025-12-29,2,S247,3.7626445086705207,0,0.7153897037141198,1.2536127167629862,1.2863777677276085,0.0,-0.3825287766574462,0.41567490858305617,0.03338511952698012,2.395303185576562
2025-12-29,3,S396,3.24628656972501,0,0.7461316030174965,1.9080597557615375,0.9986157910284684,0.0,-0.15729363409385244,0.6429756020938583,0.03564042835589081,1.8935397827944516
2025-12-30,1,S351,15.607985480943732,0,1.5527490700818514,2.3290986085904297,1.0977834280926109,1.0,-0.30836820083682015,0.5178571428571429,0.049049239625677685,1.7414803166664277
2025-12-30,2,S066,12.354485560013885,0,1.574923980668882,1.4695926421294248,1.361446787717395,0.0,-0.25754882369527643,0.6842896205735464,0.037651100608151244,1.951937736196091
2025-12-30,3,S421,11.44091415830546,0,0.554932074614042,1.5050167224080147,0.5844373793682383,0.0,-0.5439755973563802,0.3955898566703418,0.05024594392217441,2.5236193803300755
2025-12-31,1,S089,11.50346847003869,0,0.6402162273700368,1.5024227001777746,3.4737851712193732,1.0,-0.23773715257479944,0.6683518941335446,0.04747600203119253,1.7042339919464795
2025-12-31,2,S351,5.0235478806907485,0,0.8814205809054746,-1.4521193092621676,1.5527490700818514,1.0,-0.1870679570349889,0.5986842105263157,0.06239348494124587,1.2237346182565747
2025-12-31,3,S240,4.217214152528714,0,0.62748218620472,1.348956055339423,0.47049245400254297,0.0,-0.4405825842841321,0.42264771411614765,0.066889029587976,1.7377017164833157
2026-01-01,1,S075,4.9318247751668265,0,1.3811718248030724,-0.49318247751666267,1.0492263395457218,0.0,-0.3250440571764246,0.6110618684630384,0.0365849543924844,2.2548638739187354
2026-01-01,2,S004,4.6074516623545,0,0.38428559471040047,-1.5796457764016614,0.4993532736635192,0.0,-0.23215033452129485,0.6007921397602467,0.04805129617796561,1.2804599442826041
2026-01-01,3,S320,4.054054054054057,0,0.41252604943864646,0.0,0.562184959868025,0.0,-0.3620689655172413,0.3045267489711934,0.0393788573070854,1.887416941972419
2026-01-02,1,S014,5.694022289766965,0,2.038923060227041,2.985477879094889,2.383692767325359,1.0,-0.30168388283571523,0.46861646567277565,0.048688040121368695,1.6439463368327738
2026-01-02,2,S273,4.0590405904058935,0,0.619584995572005,1.4954360069916461,0.5112887816379568,0.0,-0.4078205865439908,0.30705468423877397,0.057520878676803985,1.713513915074689
2026-01-02,3,S443,3.4343003412969253,0,0.65388852851897,-0.36262798634812965,0.5742987860103267,0.0,-0.45614849187935036,0.49629472792716495,0.030816292744221315,2.9092203725140298
2026-01-05,1,S382,17.96610169491524,0,0.7516577068099269,1.3559322033898313,0.7522200379205004,0.0,-0.5809659090909091,0.2051460361613352,0.04908669015523453,1.9854185487964255
2026-01-05,2,S273,10.377006345651374,1,5.086945827528249,4.647256438969771,0.619584995572005,0.0,-0.3361417420394004,0.31951815850676846,0.05911013558513856,1.4952741334876212
2026-01-05,3,S207,9.985121507687222,0,1.0539041354987388,1.1572160687716826,1.2936272632016137,0.0,-0.4454528786211954,0.4444199544486077,0.0448271080998614,2.0272751958603625
2026-01-06,1,S363,2.819206984357936,0,0.6245019260976294,1.4368861404146838,0.40820231004886753,0.0,-0.2948569962806207,0.5044036697247707,0.047810085209958,1.558136103198669
2026-01-06,2,S197,2.7515565374573336,1,2.112213486939524,5.362522594898578,0.7105736960125955,0.0,-0.3875015377045148,0.49340996927955605,0.05442290374647206,1.2974473086036404
2026-01-06,3,S464,2.0916334661354563,0,0.514205487031535,0.19920318725099584,0.34575587709485545,0.0,-0.36213468869123244,0.4667596466759647,0.05204122463089289,1.4395246517982228
2026-01-07,1,S425,6.392766497461921,0,2.0360363052725017,0.0974437998549682,0.7953019787135426,0.0,-0.22165975835611607,0.34163789232460556,0.047428485875834564,1.2371616846413669
2026-01-07,2,S018,5.785472972972983,0,2.391254686635526,-0.1266891891891775,1.7134272111257118,0.0,-0.4726057906458797,0.37075309221856895,0.036805191649070375,1.8833506892086807
2026-01-07,3,S451,5.268162799543563,0,0.5045005959059381,-1.3693419551160102,0.7935334091125309,0.0,-0.1177852348993289,0.8109608760475041,0.031765685014313455,1.4464703951082074
2026-01-08,1,S485,10.160810256518138,0,0.5030924995186765,2.2181087704167934,0.42114614138619033,0.0,-0.34269596897402743,0.3302432687765707,0.04914336246486763,1.2082749525296965
2026-01-08,2,S126,8.02677532013969,0,0.3927838996130013,0.36379511059372316,0.333813400869004,0.0,-0.35572181282931126,0.3346253481622875,0.03820857210496391,1.33189320520427
2026-01-08,3,S270,7.200275052540839,0,0.9766793429087023,1.882269764558897,0.5785847028859382,0.0,-0.11791791962821208,0.6646240397024887,0.05123671742447579,1.4887025642950014
2026-01-09,1,S018,9.154113557358068,0,1.447236301220842,-0.15449980687524123,1.1235923556917147,0.0,-0.3320433436532507,0.4053546265852513,0.04155423951901933,1.3843012913079529
2026-01-09,2,S074,7.200124947938358,0,0.7611383263704238,1.2703040399833387,0.6708473096578182,0.0,-0.1379202010681746,0.6831940245420594,0.03793070744036275,1.1476445083394609
2026-01-09,3,S445,6.297795771479975,0,0.45365382791164177,0.49482681061627787,0.7685951664328826,0.0,-0.29361296472831266,0.38979484481851656,0.033030051376871934,2.1177840265224233
2026-01-12,1,S162,13.888888888888884,0,0.8769597258691363,1.8939393939394034,0.46052607971401954,0.0,-0.3571428571428572,0.291497975708502,0.053345829513573625,1.2747283592133838
2026-01-12,2,S138,11.740000000000016,1,4.293247641612189,11.180000000000012,1.4984025184014822,1.0,-0.11221590909090906,0.45167118337850043,0.03938313519024042,1.2180703014534542
2026-01-12,3,S451,7.959749337189681,0,0.7666931609127439,0.9158833453844162,0.7836837624881818,0.0,0.07584597432905493,0.8532209140918205,0.03119676420343097,1.4528761234357905
2026-01-13,1,S337,8.201058201058187,0,1.2304528609348688,3.1746031746031633,1.207740348472755,0.0,-0.18709677419354842,0.6483704974271013,0.03842124555865924,1.7312164764194156
2026-01-13,2,S375,6.855207761303306,0,0.5060536646778838,0.8237232289950436,0.7780223083385723,0.0,-0.4497381144238517,0.47413643464676275,0.03200053069705514,1.7448668659559603
2026-01-13,3,S444,6.562126290613257,0,0.8298614216429357,0.651833386670253,0.7468451078942493,0.0,-0.2656466455570947,0.528207044421313,0.02993422668486842,1.4568056279485753
2026-01-14,1,S444,9.037887050120919,0,0.5260783987132255,1.1111637978725275,0.8298614216429357,0.0,-0.19141403813710967,0.5628686577521552,0.03451090825715098,1.2575724015196104
2026-01-14,2,S131,8.87971584909284,0,0.9139522427338062,0.062398003263886004,0.765894772142729,0.0,-0.305301767255752,0.5422273117663899,0.041204957467864865,1.3954323364749137
2026-01-14,3,S302,8.66008254716981,1,5.120715728631728,-0.6215605345912034,0.8173339230725956,0.0,-0.14101211328240404,0.6497358213481891,0.033088348785069506,1.1139929757821623
2026-01-15,1,S178,8.971447112264762,0,1.513100478618118,0.40558079169370487,1.4147954949088806,0.0,-0.26893198126074835,0.5839609682156222,0.031547043661686494,1.973270655976114
2026-01-15,2,S296,8.671018598349555,0,2.5096105042623904,1.8167261978076166,1.4302180901782717,0.0,-0.30592006839068187,0.46926567060659474,0.04661339865840055,2.271741253150195
2026-01-15,3,S029,7.32645567406891,0,0.6774950074636296,0.5595383808358001,0.8006959431389535,0.0,-0.23563218390804608,0.5552696732851109,0.03689908024747529,1.4415972828874706
2026-01-16,1,S380,6.622739809990819,0,1.1294550551304992,1.504750229849816,0.9831099215634772,0.0,0.16669050343249436,0.6344422624487176,0.0570040691042959,1.1200971090688272
2026-01-16,2,S076,5.948174322732647,0,0.5726309691863778,1.0600706713780994,0.7579087569298673,0.0,-0.008756567425569073,0.7830297440627162,0.02597910396605474,1.4524545012149574
2026-01-16,3,S181,5.393377699750945,0,0.6721779630744386,1.5637120810027438,0.8323505759099257,0.0,-0.38250346653220724,0.3364977743584107,0.039217332027412274,1.8419504038212664
2026-01-19,1,S129,8.84486834596887,0,0.9546398750908085,1.3124643352082854,0.9650064556469254,0.0,-0.34579489093914983,0.39265708524054926,0.04200213407241883,1.3002257650261917
2026-01-19,2,S182,7.252581213800036,0,0.8367324662697273,-0.18707054718136717,0.7918673571241104,0.0,-0.18024713202984455,0.43487171464330415,0.05682470644887362,1.5904103635331837
2026-01-19,3,S473,6.868421052631568,0,2.221085644857807,1.6052631578947318,1.4514483672044258,0.0,-0.2753623188405797,0.507139997330842,0.023800382425346402,1.6766963088122253
2026-01-20,1,S132,9.082943925233632,0,1.1558848085395068,-0.9521028037383306,0.7268248987902496,0.0,-0.37966519312993696,0.28374436488994964,0.05809439936116075,1.9859141892291694
2026-01-20,2,S345,8.571428571428562,1,3.0159797978348597,5.465838509316767,0.2752097002893461,0.0,-0.3203883495145631,0.32290413156839154,0.0387763759236201,1.8168930268136214
2026-01-20,3,S021,7.93270669939532,0,1.0916225243993496,2.4546488654732634,0.8051127654351962,0.0,-0.3123790704376106,0.4848898307544924,0.04551178165206957,1.6503538281721384
2026-01-21,1,S132,15.410977242302536,0,0.9291440390110077,2.516733601070964,1.1558848085395068,0.0,-0.3091009988901221,0.30951670644391405,0.06318326655541119,1.600555443359765
2026-01-21,2,S141,9.761575142285817,0,1.1659221400387543,0.9075526842024173,1.62717332340675,0.0,-0.12820168968754198,0.6763279998335449,0.043843061779515864,1.4343165581606265
2026-01-21,3,S182,9.728463217357808,0,0.5443157618195328,2.1183720631660075,0.927900830999942,0.0,-0.055077035060051016,0.48742177722152685,0.05986282203328637,1.345935554862856
2026-01-22,1,S334,18.179833657141597,1,7.7042093226030985,0.733480320461033,0.8391227413002608,0.0,-0.05493893381746162,0.6182885679578891,0.014307545923132122,1.4117567302204004
2026-01-22,2,S147,10.276473656755346,0,1.2503732770220874,4.355764214919122,0.6316821568339138,0.0,-0.25058639562157936,0.13082198792097452,0.037558573965081866,1.57936972516751
2026-01-22,3,S131,8.849482795017938,0,1.602933901927124,2.8076841883048376,1.2164904320213183,0.0,0.02844116369952232,0.6164276605158369,0.03768709162612078,1.410856637333495
2026-01-23,1,S303,13.89267849022282,1,5.711661221617679,14.301955434288317,0.6022129486348344,0.0,-0.1931755641166757,0.43008018775669865,0.02547277434824685,1.2464855135782582
2026-01-23,2,S352,6.029929577464799,0,1.159412890459151,-1.4964788732394374,1.055001675053308,0.0,-0.18566308243727614,0.3549445399156381,0.041766757934953075,1.3157527606057973
2026-01-23,3,S250,5.455325144729994,0,1.1913424476708385,-0.05513523447789881,0.6496143067860007,0.0,-0.01365600169189396,0.5640268131716251,0.027523546669180016,1.3111436121250084
2026-01-26,1,S421,9.118460930293848,0,0.5211726268680642,0.9355646330214906,0.5324099909891563,0.0,-0.04468781470292038,0.4183572216097023,0.050281929323577064,1.1944396572753726
2026-01-26,2,S382,6.704707560627687,0,0.8610805076092525,7.132667617689026,0.6568803443154121,0.0,0.06534954407294835,0.25407756433490397,0.06035564519230869,0.8593178331736022
2026-01-26,3,S391,6.212218649517687,0,1.3097004581863299,-0.4758842443729927,0.7188810908830623,0.0,-0.003971304125032105,0.5436302615018878,0.02729381033612635,1.2460738894666912
2026-01-27,1,S494,11.705255420801164,1,7.839016108948618,14.00220507166483,0.7936954176191686,0.0,-0.06494845360824741,0.6273198847262248,0.021367331071640433,1.4263474919626113
2026-01-27,2,S174,1.682368775235532,0,0.7609350615892405,-0.06729475100941684,0.9833813803196503,0.0,-0.28694817658349325,0.2757980697847067,0.04170971128735393,1.3483474636484245
2026-01-27,3,S119,1.6404166457001823,0,1.448203480559882,-0.26669350374880496,0.8362051105129876,0.0,0.10904626374239657,0.8432553994992998,0.019326413439527707,1.5871204293564893
2026-01-28,1,S048,8.807091925226441,1,10.423825264476182,8.094045095394108,0.756336373705403,0.0,-0.20438515792701628,0.4041592024300958,0.027497284540642944,1.121864296149621
2026-01-28,2,S485,5.0800318322407945,0,0.8069694619563375,0.7769363929476913,0.4138099520074416,0.0,0.20639178114731394,0.42335505293284065,0.04068435126599985,1.369191354263005
2026-01-28,3,S182,4.541513115109463,0,1.2522063407221191,0.6105932509574474,0.7847317075810355,0.0,-0.2757294256182127,0.4330100125156446,0.0613529150954704,1.8170029660687461
2026-01-29,1,S483,17.42424242424243,0,0.849351421070949,0.9286412512218956,0.48483005324931794,0.0,-0.47046263345195727,0.35442380148109653,0.06487151986399838,2.0587350643789932
2026-01-29,2,S066,16.64204560715532,0,1.9118183744560204,0.9749939566490173,1.0340978450210137,0.0,-0.4528312978557677,0.42067975864952206,0.056455495589859093,1.7707154080424385
2026-01-29,3,S182,13.340245377570415,0,1.015336710251336,-0.5736996716779075,1.2522063407221191,0.0,-0.29340659340659336,0.4526752190237797,0.0628422053220644,1.5643395564136722
2026-01-30,1,S247,8.31208801304577,1,5.655073933674782,1.649096212591017,0.6981525118010307,0.0,-0.24930170005862273,0.32691600153175004,0.03845482962857478,1.6721424806936378
2026-01-30,2,S376,3.5365722865722926,0,0.4037512894179963,0.8821321321321296,0.6368186202561672,0.0,-0.1360867248847607,0.48178576964811654,0.03793359350300093,1.2715330879448645
2026-01-30,3,S297,3.4041363890441545,0,0.8473706910273713,-0.704304080491891,2.14397980918149,0.0,-0.4106989920284603,0.21252583810496806,0.040229834121292114,1.886370281629246
2026-02-02,1,S403,15.467500868960716,0,1.1997357489960867,0.48661800486617945,1.403989095520402,0.0,-0.27016742770167435,0.44563197026022305,0.052045675229643935,1.8031806843520535
2026-02-02,2,S483,14.33632498819084,0,1.0147574318615944,0.0,1.2859938709188563,0.0,-0.41124939164291174,0.36672296565761553,0.08214271700612724,1.7238327857832287
2026-02-02,3,S345,13.644859813084121,0,2.1942894287558263,0.6230529595015355,1.4280428758724146,0.0,-0.20268256333830093,0.32190132370637786,0.05801402311683021,1.47440678155241
2026-02-03,1,S475,15.75619625695499,1,11.8200793625168,11.709661102680835,1.3066639175350174,0.0,-0.25550743739408777,0.2972932330827068,0.03771180067076017,2.135013631529414
2026-02-03,2,S401,8.958390995479304,0,1.2359280215902968,0.21219669711227684,0.5732171897449144,0.0,-0.03378498841148159,0.37653720558604875,0.03139350812869722,1.7066066371059794
2026-02-03,3,S119,8.94428898499109,0,2.4896761803224687,0.11701857033832308,2.06587083893511,0.0,0.15979229362128988,0.8340051767301735,0.019844636780623558,1.7395368276016223
2026-02-04,1,S049,10.410270722857963,0,0.618514732661053,6.307563494278545,0.7020344190665281,0.0,-0.10290435653480223,0.37656332107199153,0.036505755503715966,1.5634541567578795
2026-02-04,2,S103,8.616747642183476,0,0.8283393894983969,0.1571877679336975,0.43081226817027884,0.0,-0.05058224985867721,0.4532040972724427,0.01817936070896076,2.0970558721040686
2026-02-04,3,S039,5.902623127593221,0,0.46362056177691885,0.7852973581190303,0.3036611017796481,0.0,-0.025805567608303326,0.6827515564731679,0.026848966779249864,1.8009465018666662
2026-02-05,1,S402,7.14285714285714,1,1.757491963485968,7.14285714285714,0.6062934250179192,0.0,0.0,0.21212121212121213,0.06120733517376459,1.0002802543490061
2026-02-05,2,S376,6.307575593367298,0,0.7764385773930493,0.07315487157257827,0.7314429831054295,0.0,-0.18182221236976293,0.47677362682788194,0.0258141239478357,1.868280506954581
2026-02-05,3,S425,5.373882241133532,0,0.6991528562732968,1.9568879865220934,0.7107665912772981,0.0,0.04917512690355319,0.3584379790347305,0.03154272657004746,1.641859367786867
2026-02-06,1,S076,10.865191146881292,0,1.7669099311414656,0.517390054613398,0.9840911659011717,0.0,0.1470491262776128,0.802167396818077,0.027628440300543948,1.4743575535807028
2026-02-06,2,S380,7.468838291507396,0,1.0655179694694548,-0.737909257104874,0.906408292136097,0.0,-0.1361091170136396,0.5849584880713966,0.04090818294293817,1.573523756946055
2026-02-06,3,S129,6.904469044690442,0,0.8252953771252061,1.2300123001230068,0.6798154408591657,0.0,0.04373502225265313,0.39035242149739124,0.04146615021295368,1.6544916355363586
2026-02-09,1,S018,10.693400167084377,0,1.497744471023543,1.5037593984962294,0.8102261900052227,0.0,-0.07531865585168018,0.3748238609675904,0.030374305253952367,2.000932691194595
2026-02-09,2,S363,10.481044918763939,0,0.9163279774982969,-0.4141446320484188,1.064773642482113,0.0,0.11987156617909389,0.5759633027522936,0.03237747954921038,1.737344980703123
2026-02-09,3,S480,10.183021106756307,0,0.7172439435428842,0.23372047031748888,0.7836004418980155,0.0,-0.10953509221311464,0.5286960819725112,0.019030165589973648,1.6020036014820964
2026-02-10,1,S483,13.15519013360742,0,1.0111473225858394,-0.08809279107326873,1.6037069334445864,1.0,-0.469052073589024,0.29496340565588325,0.09343974640855045,1.9615361417466697
2026-02-10,2,S066,12.820992854691248,0,2.4477192489088466,0.5803613217261194,0.7716107574885605,0.0,-0.3855283087600898,0.36212740955006667,0.0751846816467355,1.818860139197439
2026-02-10,3,S296,10.92365692742694,0,0.7483804479622511,0.9048067860508935,0.7967810266439999,0.0,-0.5152595029239766,0.3066208132242869,0.0746482305085848,2.4207610845027294
2026-02-11,1,S493,5.555555555555558,0,2.0538201464509576,0.4469987228607808,1.7966488133492242,0.0,0.06925477955520876,0.5779207085617882,0.01924643337058127,1.6409861031247244
2026-02-11,2,S012,2.241360273821358,0,1.3776290585157076,0.6482752093881716,0.6921217248171622,0.0,-0.06339193381592545,0.581109074243813,0.031237876815923264,1.680281715447825
2026-02-11,3,S477,2.1996000727140474,0,0.6324863849596485,2.163243046718777,0.5994838419243586,0.0,-0.09493254359986847,0.265530723560361,0.03711812544550541,1.6563963156572707
2026-02-12,1,S296,8.920923430481565,0,0.6430210714512008,0.40739580068944736,0.9822179229620799,0.0,-0.47865156301056533,0.27665231338323265,0.0848236856929903,2.432654453492508
2026-02-12,2,S485,6.059541021319426,0,1.70101676505868,0.3666397744246819,4.686432567003748,1.0,0.1704359532913866,0.43482383506071304,0.04209149350153936,1.652088818908432
2026-02-12,3,S476,4.206546142030021,0,1.364535104226847,0.496277915632759,5.619490374356687,1.0,-0.04243041412084181,0.39585574629309134,0.027302712617459476,1.4482762370484743
2026-02-13,1,S007,4.462769827795299,0,1.3798489274574526,1.6492845015765312,0.9627604118665818,0.0,-0.2028228924980665,0.3096042652249005,0.042825615866175656,1.145775062563728
2026-02-13,2,S443,4.152249134948094,0,0.49388743736153173,1.4129181084198361,0.7443212088417105,0.0,-0.11099718021020244,0.3671395299597713,0.02143732593707877,1.8379649036985743
2026-02-13,3,S264,3.6215355208665256,0,1.4899803760103627,1.2959541255176843,1.9942678275766406,0.0,-0.023560225710321903,0.5036340590755211,0.03894177416017944,1.7816263633213945
2026-02-16,1,S345,10.730593607305927,0,1.2796800093738845,0.9893455098934467,0.7011637746379523,0.0,-0.17410433689503457,0.2787441663131099,0.0748033872188147,1.7789622932018356
2026-02-16,2,S483,10.008920606601258,0,1.0215165704973634,1.4808206958073056,0.7610933770914041,0.0,-0.395361380798274,0.24273526482179206,0.09919146438992921,2.4411726692126017
2026-02-16,3,S445,9.756097560975618,0,0.8167333468645801,3.4146341463414664,0.6027789181511815,0.0,-0.27341772151898736,0.2593998553868402,0.04499189384366568,2.0400776407583536
2026-02-17,1,S412,9.287257019438444,0,1.2362533223319125,1.0079193664506825,0.9083973216005347,0.0,-0.18866822429906538,0.17945736434108528,0.04217832871356802,1.43989306088772
2026-02-17,2,S254,9.145463274123845,0,0.6437776598586039,1.0681709073451673,0.36166658796753676,0.0,-0.1449096880131362,0.4189355657792192,0.03431779336842619,1.3479546350678682
2026-02-17,3,S455,5.998235812996189,0,2.0656939153478056,1.264334019406066,1.673908118019756,0.0,-0.03490351872871744,0.6205072067141032,0.022497080462568753,1.8036251126808276
2026-02-18,1,S132,10.034878651358813,0,1.0257761405513668,0.014532771399511368,1.3188659821943636,0.0,-0.19614485981308416,0.22808936621585787,0.08378964514897363,1.8274133446996252
2026-02-18,2,S483,8.961433829412702,0,1.0434885820936035,-0.08001280204832373,0.5387524987894952,0.0,-0.3357780612244897,0.2706249187995323,0.10054516045475667,1.962985776709417
2026-02-18,3,S337,8.563535911602216,0,1.301133662363175,-0.2762430939226568,0.9195923832274062,0.0,-0.09950248756218916,0.6209262435677531,0.05212938974758547,1.7108785420058983
2026-02-19,1,S352,8.190652475705695,0,0.8181249029706512,-0.509023600185099,0.5801828213698489,0.0,-0.019509981851179692,0.3376034994532104,0.03788093381417527,1.7826450444561097
2026-02-19,2,S430,6.982233003343619,0,0.3208667254093631,-0.7736183045958245,0.6124624525241167,0.0,-0.3355260291875408,0.341406092620364,0.047039038576921925,1.4534868398117278
2026-02-19,3,S199,6.582184468272767,0,0.5734592253735714,-0.7128599942971214,0.6768905755223064,0.0,-0.18023777295781074,0.24904338577852791,0.05001770813189953,1.8800719236288808
2026-02-20,1,S049,16.230646022423922,0,0.6200017900618292,-0.1868659903897507,0.7288228965646292,0.0,-0.07024075452965994,0.3936941671045717,0.04409443012526681,1.1814113592417534
2026-02-20,2,S107,11.85195852534562,0,1.054874971276,3.801843317972353,1.0227960751952558,0.0,-0.2764405543398979,0.20027110431748044,0.0682991608768385,1.4982443700295527
2026-02-20,3,S240,10.350145894122553,0,0.8793956474087142,0.17298874531053166,0.47365596043781855,0.0,0.0080679048659551,0.46680871350320585,0.03880597701359328,1.621222342064606
2026-02-23,1,S483,14.568236714975846,0,1.477849531798697,3.2155797101449446,0.7550552928531827,0.0,-0.3596906718221363,0.2868650123424711,0.1006035248512936,1.3824862209437414
2026-02-23,2,S060,9.389842893679212,0,1.5364666270772351,1.3762026549750228,1.2768219501375855,0.0,-0.29994031886776373,0.3046527159394479,0.06056465427607091,1.388220715882292
2026-02-23,3,S141,8.349965189138997,0,0.9665391638639148,0.11139475516359632,0.8008337395968779,0.0,-0.3765553562127437,0.4482844718170658,0.06927821664980936,1.5264359943237642
2026-02-24,1,S199,9.825525723452678,0,0.6160307293433731,1.4232773307798485,0.6790151316932528,0.0,-0.13820284325650933,0.265599376404782,0.05616441412610832,1.6388711544754013
2026-02-24,2,S007,9.687448862706605,0,1.209150086425041,2.8718703976436055,1.0295571377472148,0.0,0.04158854610533491,0.3059247578283397,0.03429092554445383,1.6185901866685297
2026-02-24,3,S337,9.610983981693355,0,0.919507283827208,3.203661327231111,0.7210839651261686,0.0,0.0139211136890951,0.7495711835334476,0.05720441173890121,1.1143602263433097
2026-02-25,1,S375,9.834757834757824,0,0.6183287935912873,-0.15954415954415602,0.5138765291070234,0.0,-0.2666109486000836,0.38079326505814964,0.03876012154481912,1.4769993872563079
2026-02-25,2,S444,9.181034482758621,0,1.1155813237247585,1.0526315789473717,1.0919355765601741,0.0,-0.2632212342047201,0.3921673294721577,0.04544501143147531,1.8724888993049955
2026-02-25,3,S351,9.077924139025551,0,1.552016084510623,-0.01587049674653951,0.8894691602703285,0.0,-0.01792394014962595,0.4934993734335839,0.04815545522619069,1.1546649812072702
2026-02-26,1,S485,10.743808477781535,0,1.290935333821465,2.152064941821563,0.778671305010522,0.0,-0.006530531877363854,0.42059031926421964,0.04098006220647148,1.4683135002915828
2026-02-26,2,S142,9.024562264266667,0,1.0280840580439934,1.5424243353469702,0.841721731058269,1.0,0.03318161176880596,0.6155845136446293,0.040193160382264205,1.2901298960127965
2026-02-26,3,S376,8.551660012033025,0,2.103766959533051,0.7356560739484763,1.4307179906704997,0.0,-0.10473998628929582,0.4723557071255103,0.028971396290753564,1.5130987531655664
2026-02-27,1,S138,17.53681392235609,1,13.149459995833437,17.358322177599295,1.1253391659511123,0.0,-0.17897050741894127,0.44192466969039634,0.026327656784815835,1.4691213299114683
2026-02-27,2,S396,8.654149792524235,0,0.9249756428107301,3.478058536423223,0.9755675296157977,0.0,-0.37346884230767907,0.3296822317928936,0.04229376272677605,1.6633900795754457
2026-02-27,3,S402,7.692307692307709,0,0.9854213969549187,7.692307692307709,0.6847192956482414,0.0,0.0,0.19696969696969696,0.05484401737751973,1.102026478503521
2026-03-02,1,S421,16.849623065732054,0,0.7383554483399344,-0.8332231186350958,0.7530298193689763,0.0,-0.07352040191153042,0.4168136714443219,0.04947807127483434,1.0810600552633105
2026-03-02,2,S197,13.885295385942209,1,3.997171385941481,9.659335920655444,0.25709444505048057,0.0,0.00043140638481453664,0.45961748092359533,0.027845889462555905,1.6663999398839113
2026-03-02,3,S477,11.98686371100164,0,0.9614512162205647,2.401477832512322,0.591974379856414,0.0,0.0559167750325098,0.23516918472751844,0.044246955023756585,1.4539447542792496
2026-03-03,1,S207,8.54190214758599,0,0.6122962698743393,0.45212336508961837,0.38288064003230315,0.0,-0.014638027048528235,0.4549996326500624,0.03533787946052698,1.5431489756492642
2026-03-03,2,S250,6.8380845910192,1,2.7793945971588085,5.768053448321764,1.0314016550631384,0.0,0.17664192426947278,0.6490618845236861,0.028691465320780304,1.4753422452116085
2026-03-03,3,S416,5.976277372262784,0,0.9590018158514719,0.742961418143917,1.24854634953185,0.0,0.097254004576659,0.4766253533376821,0.0370966036468013,1.429423983916128
2026-03-04,1,S342,17.03089675960816,0,1.4853380900222504,0.41446872645065636,0.7713978244082288,0.0,0.27965284474445506,0.6073226544622425,0.028486108713131113,1.6052078763433402
2026-03-04,2,S416,10.423713178771287,0,1.804215668456537,-0.5350224463440134,0.9590018158514719,0.0,0.12160297972134115,0.5051098064796695,0.03734294736107843,1.4713093097438064
2026-03-04,3,S303,9.865275966970888,1,0.9918593416051097,-0.34767492394611743,0.3011905191308988,0.0,-0.04700766204183049,0.45002933698415803,0.026110404545169517,1.488490465814977
2026-03-05,1,S485,5.722125218258922,0,0.6048334986882272,0.7176709546377724,1.7416749444820747,0.0,0.032623894261197384,0.4873537747645114,0.04146512979380686,1.3997013718029538
2026-03-05,2,S184,5.098485126361751,0,0.4979384714804271,-1.067380699116005,1.4745523216409961,1.0,0.219821029082774,0.7681449340696495,0.03438708821884951,1.5082743675158026
2026-03-05,3,S216,3.548106225511538,0,0.8453546379346174,2.0679146713104,1.0284040955349727,0.0,-0.027107157983905172,0.3811183009789281,0.03307104989954102,1.3272228677942735
2026-03-06,1,S477,14.923972217007698,0,2.6743636516106633,2.4591702646893143,1.3426253287534973,0.0,0.06306126521652367,0.2571318241058068,0.04916160661954727,1.293648579605797
2026-03-06,2,S129,8.277143250309615,0,1.3705735272629924,3.027384064951155,0.8730883324791856,0.0,0.22052401746724892,0.4652219839313722,0.041612907142673954,1.43364509147435
2026-03-06,3,S131,7.214059621108326,0,1.3373447666241092,1.941701705484955,0.9248012476788544,0.0,0.02310406496205708,0.5508939957837754,0.03465049684440484,1.436562874902292
2026-03-09,1,S328,8.403665300217034,0,0.2907895531606366,0.14468290330360567,0.3314291679127044,0.0,-0.036925220622387456,0.3138456881219965,0.03999481114420881,1.4452940669502907
2026-03-09,2,S060,8.101907751750769,0,1.035044528423901,0.2897850760685827,0.8998261087470049,0.0,-0.11658666666666662,0.30728702879192643,0.05072125816362865,1.3064041306509564
2026-03-09,3,S069,6.492078041115623,0,1.2416254576453634,0.4507296349642864,1.0616548817642109,0.0,-0.15952134059849543,0.36641301948893135,0.03339990845845833,1.707334028792319
2026-03-10,1,S042,12.374581939799324,0,0.6176408312256023,0.5351170568561825,1.0249068954402365,0.0,-0.3770833333333333,0.17158269252840586,0.07056784797490874,1.5545180737267932
2026-03-10,2,S004,11.387320116259826,0,0.5533500182529975,1.4036248493584536,0.5901885423096079,0.0,0.0022677079571089553,0.6162235756227725,0.02117088484395534,2.144298457995036
2026-03-10,3,S493,8.734558895049126,0,0.5000842124009549,-0.4085205719288054,0.8019489444013146,0.0,-0.04041441105096133,0.5420181358076761,0.03813641496788345,1.442305880354612
2026-03-11,1,S296,16.619915848527356,0,1.1329794390217462,4.488078541374474,0.7438835338057332,0.0,-0.1935909519321395,0.24726179810999044,0.06653233081358585,1.3330808988792986
2026-03-11,2,S382,12.500000000000021,0,0.474758576078041,0.0,0.4778416450755811,0.0,-0.11656441717791421,0.20877129394708227,0.03962357237146669,1.2362119504322175
2026-03-11,3,S483,8.22150239086843,0,1.0943377077580267,0.09254974548820183,0.9060424422169455,0.0,-0.04815739245338424,0.2807587371703261,0.07003970015788184,0.9119162583193606
2026-03-12,1,S215,18.071505958829913,1,6.147478730368332,16.48970747562297,1.1758468801631288,0.0,0.11797480620155043,0.39739946611556015,0.039975748308915995,1.0422663138762394
2026-03-12,2,S049,7.123902837313745,1,7.763668189807197,4.837721984078369,1.3275807930413142,0.0,0.3312499999999998,0.5148712559117183,0.04663588449946346,1.0342125377035
2026-03-12,3,S380,6.834812971286364,0,0.9490022777498206,-0.37145722670034464,1.0808903674377142,0.0,-0.2482057583289119,0.5234391709280394,0.03622178820906619,1.4456728130928982
2026-03-13,1,S132,8.674245166895943,0,0.8958340705612672,3.6203026573021546,0.5807669089608797,0.0,-0.04190079778009015,0.2289014850172368,0.044196437833909565,1.467780062590557
2026-03-13,2,S273,6.568265682656826,0,1.7181336549354957,4.044280442804427,1.9979902187239358,0.0,0.20166725789286977,0.4820348630380647,0.03369940260028464,1.5173374900946321
2026-03-13,3,S103,6.27645564857493,0,0.9397768823817528,1.4885711598156215,0.669157437799718,0.0,-0.05713842265138236,0.4589894977711097,0.02641755932467245,1.5020990829953402
2026-03-16,1,S012,6.699780148196388,1,2.611244896833217,8.502564937708645,0.5744334076786713,0.0,0.023553140418722585,0.5628322639780019,0.029745740497413867,1.4216987388750324
2026-03-16,2,S138,4.852916735914903,0,0.7068927352617679,-0.9805550939006258,0.974539678125784,0.0,0.26354472910541804,0.5932754880694143,0.04490152302578954,0.9499223110439237
2026-03-16,3,S188,4.62723229104427,0,0.8274699995943369,-0.25891256721767286,0.8131422950436509,0.0,-0.020356399583766893,0.5738067121252524,0.014845954771874779,1.6925684660376663
2026-03-17,1,S066,10.786740939412699,0,1.1716430622265723,1.368544116635717,1.1430744027877247,0.0,0.03509396355353078,0.3286027434408262,0.03271228383493345,1.6203483076517862
2026-03-17,2,S483,10.37184784157288,0,0.6751626765044971,0.3846701809374631,1.1534379362683316,0.0,0.2522747546833184,0.30397124420769994,0.05418546500850083,1.1127619421694148
2026-03-17,3,S296,9.144196951934358,0,0.8972283431462141,1.2575935201960986,0.8536550719850488,0.0,-0.040200490998363425,0.27116145998901825,0.06191917286210759,1.4598295126367125
2026-03-18,1,S352,6.7710965133906065,0,0.6748458113286674,2.475997978777178,0.2316440268614826,0.0,-0.07176360225140721,0.309170442118419,0.041642014013357126,1.617357672589457
2026-03-18,2,S117,6.183645352135514,0,0.6236292699331674,1.3777453602398904,0.8854849027166604,0.0,0.005951410402739388,0.38237937339241995,0.02436863965873535,1.5954065975959453
2026-03-18,3,S092,5.8381088825214755,0,1.4781480532834976,2.8295128939828107,1.2830653599985935,0.0,0.1513995566781794,0.4088296665080353,0.02466555288229209,1.5609973939062798
2026-03-19,1,S292,13.443472627146114,0,1.5341508222125058,0.5344995140913467,0.900200818178943,0.0,0.0021100470702808405,0.4307241523650063,0.02669943423989999,1.5620989237918452
2026-03-19,2,S011,9.943795936013844,0,0.7792964702876846,0.27237354085603016,0.5575822778860281,0.0,-0.017166652502761948,0.45668140894013587,0.03236183331800522,1.250213610699716
2026-03-19,3,S182,6.910330864723746,0,0.6659627711975639,0.7245990729394247,0.8444416734906222,0.0,-0.13677965322172658,0.29363266583229036,0.04142967335217692,1.2740772806418972
2026-03-20,1,S060,8.465313406201203,0,3.0940301935606382,0.5465090341289391,1.3559751315910145,0.0,0.09248202753746781,0.33266547937073315,0.04677292106820874,1.530711936450764
2026-03-20,2,S421,7.330028328611915,0,0.7014039071357839,-0.6610009442870712,1.054447088560754,0.0,0.2956109496864965,0.4670341786108048,0.05128245589068525,1.1935862697252901
2026-03-20,3,S015,6.506180871828238,1,7.580102781725087,4.098893949251781,0.9044283590846001,0.0,0.017656146546016327,0.46244107912947546,0.023555650364425255,1.6664348321091236
2026-03-23,1,S402,9.999999999999986,0,1.5898101381152074,9.999999999999986,0.9256755947182934,0.0,-0.23076923076923073,0.15151515151515152,0.052776215553597426,1.3534234943884507
2026-03-23,2,S087,6.165703275529877,1,3.949591419291239,-1.2845215157353818,1.3700750902921959,0.0,0.09110021023125436,0.525658338960162,0.024120478459568703,1.338967619661019
2026-03-23,3,S442,5.875152998776012,1,3.799010491861188,0.3059975520195879,0.9524145059902562,0.0,0.025737602008788496,0.5233824471492633,0.02876481976491457,1.1253388253179963
2026-03-24,1,S425,5.4168243158027485,0,0.7544828880441825,-0.23962668684575084,0.7069781921177303,0.0,0.014414260736065554,0.3683167396993017,0.03627976795132448,1.412453215933066
2026-03-24,2,S131,4.770975842064229,0,2.128163010880452,0.45458481253788374,1.355278765327986,0.0,0.20868655154369464,0.6661283345349676,0.036423970193337506,1.3922834455684274
2026-03-24,3,S458,3.176043557168806,0,1.3786552766779305,0.6578947368421018,1.0653804519948002,0.0,0.2001089028042471,0.4239276783996922,0.03315327868928017,1.4922125399876807
2026-03-25,1,S256,17.647058823529417,0,1.879998865447867,0.0,2.059050392165992,0.0,-0.1499999999999999,0.2947976878612717,0.03560046703012186,1.6916656709371989
2026-03-25,2,S264,6.4894223156212405,0,0.637677108480967,2.8510540686532027,1.1427166271307465,0.0,-0.13761813297257974,0.433657965247806,0.0249391012505971,1.9737275171371909
2026-03-25,3,S049,6.404747288725177,0,1.43227597818658,0.040924902803340935,0.5046214439607831,0.0,0.1671841413900168,0.5136100893326327,0.03130908362669592,1.6231697689560263
2026-03-26,1,S396,10.933863863031924,0,1.0789018689617684,-0.5911319813829863,1.0370746794613244,0.0,0.014000231757034465,0.35161623799556535,0.03398742084511633,1.1732846538256654
2026-03-26,2,S485,8.851892898035164,0,0.9996225129117945,2.1411820892597966,0.9961592029654596,0.0,0.3079072970722019,0.59015404183665,0.03599677703344557,1.347659199035433
2026-03-26,3,S240,6.760415887500915,0,1.1862822320612778,0.1331438402273788,1.101886538449979,0.0,0.23894871462198597,0.6503507389354272,0.026978033929857915,1.5247840125652448
2026-03-27,1,S181,12.824521508432806,1,4.389356335347518,-0.48322910744741376,0.8932933944469434,0.0,-0.11851666249060389,0.289992855965269,0.029094976871562397,1.186101500243179
2026-03-27,2,S256,10.000000000000009,1,6.578683351687692,3.3333333333333437,1.3307939559694508,0.0,0.008403361344537785,0.3468208092485549,0.053995906170431984,1.124423847952919
2026-03-27,3,S421,7.429667519181593,0,0.5124074678014966,0.03836317135550438,0.6946262486567655,0.0,0.07728337236533966,0.4310915104740904,0.05453979002466211,1.0500724939487167
2026-03-30,1,S328,11.810203778075268,1,4.6545042513815424,5.325003718578003,0.7454637887641117,0.0,-0.24477645472927423,0.26082402234636876,0.04117059903194029,1.562814827363819
2026-03-30,2,S162,7.21311475409836,0,0.6018901639839448,0.0,0.7572588778736115,0.0,0.04810996563573888,0.35151747983096426,0.040362714380718666,1.336437157955075
2026-03-30,3,S034,6.308411214953269,0,0.9370682679402809,2.686915887850483,1.3042244310761955,0.0,-0.16731517509727611,0.29264957264957264,0.029765299191669762,1.976410032433906
2026-03-31,1,S254,9.13776682167069,1,11.005248088229017,8.050871197265952,1.0137216004379732,0.0,-0.08845309228333587,0.4487266510797698,0.027898794398237163,1.2434880780505038
2026-03-31,2,S320,7.14285714285714,0,2.4928110316371295,1.7857142857142794,1.7881436986256327,0.0,-0.05084745762711851,0.32558139534883723,0.026210817145840015,1.9465400843034293
2026-03-31,3,S012,6.6554197823575745,0,1.4574394094354837,-1.0532555170527202,0.8608743701722275,0.0,0.05994361659283132,0.6030797433547205,0.027597290056688758,1.5184249216553298
2026-04-01,1,S485,5.817878559231171,0,1.0844984954131376,-0.41527909364770244,0.8525196650516912,0.0,0.2620157369819076,0.6369339061873291,0.03309665966308361,1.3042724383910702
2026-04-01,2,S376,5.3142011521589705,1,6.822807894077447,7.385973257227407,1.5552411131972268,1.0,-0.07406591793290751,0.48883893969927145,0.027783264195882076,1.7108219678365593
2026-04-01,3,S320,5.000000000000004,0,0.749818778996422,1.6666666666666607,2.4928110316371295,0.0,0.0714285714285714,0.3488372093023256,0.030485421040004762,1.7572802010458957
2026-04-02,1,S018,10.207801676995999,0,1.859891572871932,-0.4010207801676935,0.731575616651152,0.0,0.023125699365908137,0.4294661030217629,0.026531821709548802,1.7136546726173316
2026-04-02,2,S034,6.65137614678899,0,1.1702033092920516,-0.8027522935779796,1.2293311937553544,0.0,-0.12449799196787148,0.2981196581196581,0.03412385065412079,1.5891153529744564
2026-04-02,3,S458,5.817476669494592,0,1.0725731744061389,1.211974306144703,0.8361611577675669,0.0,-0.03202721726888769,0.39675899211386806,0.03291663714189414,1.253967124638501
2026-04-03,1,S097,21.55139793987808,1,11.050684401126347,21.400042043304612,0.9397920224752084,0.0,-0.108307715378271,0.4220491163318901,0.01448809999926617,1.8659343182088042
2026-04-03,2,S483,18.90581717451525,0,1.3847211360442804,0.9868421052631637,0.420086301608869,0.0,-0.21819166215484564,0.25014074747737214,0.05277284424855631,1.4067036467085483
2026-04-03,3,S042,15.67213114754098,0,0.6334430362134919,1.7704918032786843,0.6499482976202218,0.0,-0.22706538266599086,0.17502582348215312,0.05496138894503417,1.1547386668721062
2026-04-06,1,S380,22.8678984033577,0,1.1878444723229078,-1.5750075721517987,0.47912001293109296,0.0,-0.14075919247499724,0.44935933580914234,0.04015960077463171,1.698964148469542
2026-04-06,2,S188,15.409627482858568,1,6.548532664749362,13.635399731391807,0.5689010255220288,0.0,-0.10103577556078036,0.5389128033217783,0.017770147478439975,1.50020454464584
2026-04-06,3,S440,8.600064662140339,1,3.5224924346304323,5.722599418040741,1.3278438234443937,0.0,-0.12701100762066042,0.36112084063047284,0.02548849464203168,1.807551752869137
2026-04-07,1,S451,10.242362889299095,0,0.7098836469118335,0.19651045078306062,0.6350188713777171,0.0,-0.002850187043524688,0.832531852659759,0.031462941493203916,1.7977556753707669
2026-04-07,2,S458,8.641273450824327,1,2.270451728524781,10.017055144968733,0.9940918662850938,0.0,0.1365986042905145,0.4229178688209271,0.027159780009003005,1.3913708781238567
2026-04-07,3,S296,7.087599544937406,0,0.9905138389476621,0.3299203640500403,1.4557460959411646,0.0,0.03156906466377185,0.25402421755339133,0.06895203493684131,1.189713304968871
2026-04-08,1,S402,9.999999999999986,0,0.620296229377699,9.999999999999986,1.7011023856659775,1.0,-0.23076923076923073,0.15151515151515152,0.04995823556673344,1.858695367141426
2026-04-08,2,S430,9.489975378121706,0,0.8354917828724067,-1.4421385860007074,0.843172887962063,0.0,-0.12668182097438108,0.31817266154844775,0.014282746427991178,2.546079244691466
2026-04-08,3,S075,9.263157894736839,0,0.4489387718819742,-0.10526315789474161,0.5093125770334324,0.0,0.024811218985976158,0.5052295692253146,0.024046985911553524,1.3736682094571842
2026-04-09,1,S048,11.793393925958773,1,3.186728654280022,0.13300820217247988,0.42950795612947124,0.0,-0.15980629539951574,0.3513513513513513,0.0213499782777681,1.9876342578523687
2026-04-09,2,S247,9.096554703531702,0,0.5468197221851095,2.1303596500702016,0.44105223082549544,0.0,-0.08901734104046244,0.2780877152146327,0.028520979615290726,1.7747883118307985
2026-04-09,3,S181,8.706666666666663,0,3.050064692289686,0.5022222222222261,2.7334708109790276,0.0,0.007703332139018304,0.3148614609571788,0.04033584928188285,1.4247044816228467
2026-04-10,1,S024,7.280317686589943,1,3.952920690877497,6.6795641991650445,0.9092197010134602,0.0,-0.20960927125668982,0.2960941857485265,0.02530018913215992,2.08961913828142
2026-04-10,2,S215,7.032776210115044,1,5.990918009498786,5.361406555242021,1.1195254834363264,0.0,-0.0017334777898158071,0.39671058296736417,0.017784847998430567,2.0600003375126206
2026-04-10,3,S380,6.849741335718984,0,0.5408571748977722,1.2524796763779156,0.4976537995445745,0.0,-0.04502061587608164,0.4998736170791935,0.06630432077498224,1.1973358425607534
2026-04-13,1,S076,10.725754656390496,0,1.0159190538659948,-0.7385998715478514,0.9985879155658494,0.0,-0.15792320173066532,0.7180078395204058,0.021550032793474505,1.809482227729064
2026-04-13,2,S412,9.571984435797676,1,5.277892453947492,0.0,1.0573412666717847,0.0,-0.16395575797007167,0.1660206718346253,0.033274295742585454,2.2034578476802356
2026-04-13,3,S129,8.325444907232104,0,1.036874636275453,2.5511170011359496,0.6450163748948543,0.0,0.21181531402351594,0.6762907717422617,0.029981794163972,1.649231087333997
2026-04-14,1,S328,8.646276938959874,0,0.5088473036966353,0.09033423667570428,0.3398095885200621,0.0,-0.11460237659963435,0.3127244844424714,0.042228035407159185,1.4280254778892028
2026-04-14,2,S029,7.2388460849310166,0,0.3853981993120447,2.338290628919548,0.4702814748032738,0.0,-0.02455649742200472,0.5418709646099326,0.02179701782564601,2.0929625698461702
2026-04-14,3,S464,6.8281938325991165,0,0.5025073392238101,-1.027900146842886,0.7921262097228714,0.0,0.0007347538574578039,0.6331938633193863,0.027923015910334692,1.5701415085890815
2026-04-15,1,S421,9.602602177909759,0,0.8513644645250148,3.0547305897327126,1.0448719067270693,0.0,-0.07520272037666753,0.3898015435501654,0.05086642117175368,1.6852446732482023
2026-04-15,2,S018,7.01603665521191,0,1.5115284853455884,1.0022909507445554,1.0092028119624354,0.0,0.257472092185812,0.5467355565993424,0.03464879049431307,1.5343198977924373
2026-04-15,3,S320,6.349206349206349,0,0.48574426700183654,3.1746031746031855,0.47750790151079675,0.0,0.14545454545454528,0.38650306748466257,0.02882258746990007,1.6521433412816844
2026-04-16,1,S273,5.815379225783857,0,0.5923816071555598,0.17516202487299903,0.8089775314728761,0.0,-0.13578564940962756,0.5429386590584879,0.033870649132588054,1.5865419384051138
2026-04-16,2,S264,4.49596353778785,0,1.0210152420384422,0.9756024903929239,0.5723645100552422,0.0,-0.12230450953348981,0.4308758643926388,0.03156074581105148,1.4812764323732073
2026-04-16,3,S443,4.350266629245003,0,0.889472778163272,1.824305360651124,1.3471918496133481,0.0,-0.08217413704276144,0.37719669701460934,0.03415829208256627,1.5869625155291383
2026-04-17,1,S007,18.952446588559635,0,1.3481554558044755,1.6884906960716872,0.8301842877446247,0.0,-0.29163361200951976,0.2918416090509114,0.042219683058956486,1.8528814474917747
2026-04-17,2,S402,11.111111111111116,0,1.173249884815325,0.0,1.3280541616335613,0.0,-0.18181818181818188,0.13636363636363635,0.05296555628179596,1.6482709100389752
2026-04-17,3,S134,10.066476733143404,0,0.5778031523394855,0.01356668023335672,0.23780955340559953,0.0,-0.17771084337349408,0.6204197295325738,0.020589470400040985,2.126094159278848
2026-04-20,1,S207,7.0814712959780035,0,1.091105934778827,-0.06875214850463607,3.198635238696928,1.0,-0.197738554881412,0.4274483873337741,0.020203995630143683,2.5594657511394954
2026-04-20,2,S025,6.582506762849416,1,2.9126374120394547,0.5410279531109063,0.9059644749343927,0.0,0.009099181073703333,0.6436448055716772,0.013831966630535588,1.6670148971406298
2026-04-20,3,S129,5.376441329414416,0,0.7621002183216928,0.370789057200982,0.8100127036560764,0.0,0.23575100581135455,0.7078838705547197,0.03653041170496644,1.4643443713579236
2026-04-21,1,S215,8.003423924673637,0,0.7812116733544328,0.0,0.8962293545201306,0.0,-0.11496212121212124,0.4023938689399811,0.02833919914959482,1.5733488387892214
2026-04-21,2,S238,7.652303120356607,0,0.5159173785103842,1.0772659732540824,0.875601319767,0.0,-0.06495310871830484,0.3497012210963887,0.01927145603219458,2.0859072354992465
2026-04-21,3,S029,7.578705341351255,0,0.8944206871899157,1.3883975946232807,0.5736661347189211,0.0,-0.00928684072192043,0.5489586873149181,0.028607966498951996,1.408925097574485
2026-04-22,1,S402,11.111111111111116,0,1.4788248375960849,11.111111111111116,1.6605762815802603,0.0,-0.18181818181818188,0.13636363636363635,0.054972509604782824,1.7324676313730005
2026-04-22,2,S021,10.33706232747349,0,1.1783190158318488,8.15778003777423,0.9375041183856413,0.0,-0.004195601851851971,0.3996284146660086,0.04481468144810471,1.510617592296777
2026-04-22,3,S049,7.033770703377051,0,1.5160462075927712,-0.06453000645300078,0.6297827863836848,0.0,-0.08448207955888143,0.4885969521807672,0.043969723858981104,1.3498433715440181
2026-04-23,1,S012,9.323180817760534,0,0.7631096441005252,2.142144331588103,0.7114594495668564,0.0,0.10173805650942813,0.6704949587534372,0.031515147465847194,1.368020346761437
2026-04-23,2,S443,7.3208722741433085,0,1.0963455848487689,-0.025960539979241748,0.6891991052733121,0.0,0.06467661691542292,0.4077916578445903,0.031662451065492286,1.718308941669978
2026-04-23,3,S445,7.289595758780654,0,1.1557313245030894,1.7892644135188762,0.732171249276606,0.0,-0.1092089728453366,0.2832207207207207,0.02168176752246255,1.9823204878255691
2026-04-24,1,S444,8.987620357634118,0,1.9458122571272112,-0.3411279229711184,0.6062553918808704,0.0,-0.04575643819074371,0.32339569932651846,0.040421619415296095,1.8998508064261908
2026-04-24,2,S273,8.94684714427203,0,0.9418253342310242,0.4456916474083972,0.8897211961137936,0.0,-0.09011715229798734,0.5761293390394674,0.03214654189490259,1.766790546325521
2026-04-24,3,S018,2.86204922724671,0,1.1184350711364275,1.202060675443617,0.5060767123781843,0.0,0.2613718411552346,0.5470486926569593,0.03939267172497523,1.5184760188036672
2026-04-27,1,S066,7.49259452866351,0,0.9222651207015784,-0.3426845559621361,0.7540186213822062,0.0,0.0344889743435679,0.389075953085806,0.04952129036353436,1.321617122472274
2026-04-27,2,S363,6.835664335664338,0,1.3721149550937464,0.4545454545454408,1.0923797111390319,0.0,-0.0859699584531799,0.5247706422018349,0.0435054303615295,1.3967045921068073
2026-04-27,3,S415,5.998681608437728,0,0.3626511001892704,0.3295978905734964,0.5411152939614848,0.0,0.14145974416854767,0.4402205455600696,0.023216962810168197,2.068621960672514
2026-04-28,1,S402,11.111111111111116,0,0.6113740197979798,0.0,0.38095884090685866,0.0,-0.18181818181818188,0.13636363636363635,0.06486696512602512,1.4682064065253861
2026-04-28,2,S024,10.608649927698167,0,0.879751386038098,-0.5302133999386616,0.7739464898323861,0.0,-0.037007342391763065,0.34401615991075873,0.033027028681246955,1.5609455134630215
2026-04-28,3,S004,8.85335413416537,0,1.3963368200203365,0.6443555614565,1.5912788002420941,0.0,0.14719811891037704,0.8773821528290965,0.0302358936776771,1.1324246561719253
2026-04-29,1,S297,13.453396147653418,0,1.1005376373108302,-0.6857892539805621,1.0367839827493224,0.0,-0.15072170169663213,0.2098827240071592,0.045198708880904104,1.3982500949104653
2026-04-29,2,S042,9.972489683631359,0,1.2319741040772012,0.27510316368637433,0.8232179853075529,0.0,-0.21106890938686917,0.16687708022495124,0.059866743444841726,1.1455322867106161
2026-04-29,3,S458,7.943925233644866,0,0.6522285909150451,5.641668566218372,0.6229452633187494,0.0,0.013983589506529448,0.4219080592421619,0.03620551876109881,1.420174364846129
2026-04-30,1,S297,6.643889618922483,0,1.0910663785066885,2.93823915900131,1.1005376373108302,0.0,-0.019430986496237534,0.2381190783133284,0.05508656449283945,1.2002884302556993
2026-04-30,2,S445,4.289215686274495,1,3.766533361249059,5.759803921568629,0.8230056075220477,0.0,0.02835538752362954,0.30775033000188573,0.03137258755607893,1.681080470746051
2026-04-30,3,S443,3.1492126968257983,0,0.6076900307240225,1.1497125718570311,0.5937026308491093,0.0,0.09346816069964459,0.4235655303832309,0.03565586106986728,1.6808300860196856
2026-05-01,1,S014,6.830759065003722,0,0.9645801070756845,1.569340051210033,0.8533153591750333,0.0,-0.07247376082126711,0.5359688343884191,0.03593337823614665,1.8250967809241991
2026-05-01,2,S256,6.481481481481488,0,0.43079731481847255,1.85185185185186,0.2809011824129006,0.0,-0.10743801652892548,0.33540372670807456,0.027597300769934833,1.9172183335580442
2026-05-01,3,S240,6.468714942279163,0,0.8426597099413912,-0.5174971953823104,0.7570776342068238,0.0,-0.247569775357386,0.5376959224774525,0.02699675256619913,2.413774067740907
2026-05-04,1,S337,5.845511482254695,1,8.112637916272867,7.51565762004176,1.5039661483580442,0.0,0.07158836689038028,0.8216123499142367,0.04148046500421397,1.5709930405615469
2026-05-04,2,S320,5.714285714285694,0,1.4254120979694274,2.857142857142847,1.543870013020528,0.0,0.11111111111111116,0.4294478527607362,0.033545557721143475,1.3992545451514264
2026-05-04,3,S174,4.146170063246668,0,1.6625714155891274,-0.7730147575544577,0.5897153894177366,0.0,-0.19513574660633481,0.3012277730736664,0.039841814979862895,1.5811448754288862
2026-05-05,1,S240,14.162627894453417,0,0.8706130642403432,-0.17052593789266268,0.49435095897380815,0.0,-0.24131826229061693,0.5420157029859024,0.03274161877430514,2.201123974010098
2026-05-05,2,S256,13.27433628318584,0,0.7858698384728632,0.0,0.49630054216268193,0.0,-0.05833333333333324,0.35093167701863354,0.031057701200535626,1.6485769310106761
2026-05-05,3,S132,9.308443998997728,0,1.6203298125266319,-0.5261839138060664,0.8258009980553788,0.0,0.10976711852624277,0.2645849907186423,0.04139857436572665,1.551162420722921
2026-05-06,1,S380,15.241169768325102,0,0.8270466062071674,-0.48613748575769833,0.7706971988755191,0.0,-0.07275672629947871,0.5119480468977854,0.0315872954672843,1.6795335252856471
2026-05-06,2,S458,13.935926773455364,0,1.8474029331314514,0.8237986270022812,1.589750162882123,0.0,-0.006253553155201819,0.4202731294479708,0.04125284279384239,1.4939483403872682
2026-05-06,3,S129,12.06854642683519,0,1.9818781234779899,-1.6690973910225226,0.9614121832517828,0.0,0.2635135135135134,0.7901155532793444,0.036474772232718056,1.6379466384189834
2026-05-07,1,S069,11.35524967052277,0,0.9329042349152342,-0.14533606677404887,1.6315369859484803,0.0,-0.1181075924233963,0.2994719006642628,0.023360651756470115,1.6066513694837468
2026-05-07,2,S131,1.8094475580464398,0,0.7243148651979187,0.38430744595676636,1.3658835005766081,0.0,-0.15903582009157013,0.5403028118240807,0.03865058185233441,1.4659199442867006
2026-05-07,3,S480,0.5298845929318841,1,1.9997687176645902,5.433562351250609,0.7467878786213888,0.0,-0.05978467384420516,0.4233408740946334,0.01702161528689442,2.008381299163201
2026-05-08,1,S129,10.71109210372847,1,7.363372470437109,4.929823879320394,1.1023547344853906,0.0,0.293162393162393,0.8233091130245509,0.04764276235408312,1.5375492492063834
2026-05-08,2,S440,9.466385287910771,0,0.9001014404891865,1.5375339161893153,0.9556989870197923,0.0,-0.08823529411764708,0.45110839113287093,0.01926187487221136,2.2638775903717536
2026-05-08,3,S466,8.516672062156028,0,1.5796707976431799,-1.7416639689219693,2.7407938711102333,0.0,-0.08399164946741633,0.4651351888548248,0.03784928811649762,1.58819146325881
2026-05-11,1,S455,8.471714044469447,0,0.5253516858703454,0.5910498170560219,0.4628687944984837,0.0,0.029258400926998718,0.6482393723773034,0.028699369641930875,1.62304446362439
2026-05-11,2,S296,8.407146074163041,0,1.8429515640639906,3.2127308211980177,0.973769454341951,0.0,-0.31478242979117377,0.1924977603097997,0.03288014537905506,2.032805912697947
2026-05-11,3,S174,8.379501385041554,0,0.5927859238817581,1.1772853185595622,0.4208261948467233,0.0,-0.20833333333333348,0.3260329645518176,0.03862247211739088,1.764874828756418
2026-05-12,1,S103,9.079055905909893,0,1.1636583360651103,1.298528511747965,0.6317980924182984,0.0,-0.09075292751379072,0.4056364480231416,0.032530994456834834,1.776443040494414
2026-05-12,2,S495,5.448017483609102,0,0.5860547979704162,0.7180768029971807,0.79416682748342,0.0,-0.07427745664739882,0.35545444456775055,0.023419054008636912,1.648324549274964
2026-05-12,3,S039,4.285223761016366,0,0.7344270256070543,0.6546869634886043,0.9847809093219616,0.0,-0.06612082602933,0.6991725484547302,0.037640145460716805,1.7416339168758832
2026-05-13,1,S483,8.090692124105004,0,0.9660984862534292,0.14319809069212042,0.8349832368293992,0.0,-0.30812417437252315,0.1814559785197696,0.05600042341511075,1.6818950998549045
2026-05-13,2,S014,7.69288956127081,0,1.099512305195709,0.673222390317707,0.8435509491250545,0.0,-0.11251342642320095,0.5852406038337243,0.03709378375836551,1.4957792885988577
2026-05-13,3,S178,5.43742898880053,0,2.089017325448154,-0.3733160201266017,0.7445995929667355,0.0,-0.2744081969143799,0.2918383780967268,0.04050136525561087,1.7919480500346836
2026-05-14,1,S451,21.85712618186062,0,1.110345279625797,-0.2918174390101558,1.4917521790066584,0.0,-0.0788172043010753,0.8494373109910267,0.03553621063177577,1.6975032141585085
2026-05-14,2,S412,16.75627240143369,0,1.0300155889751685,0.5376344086021501,0.8532069235694975,0.0,-0.22446143154968734,0.1441860465116279,0.04310244570983258,1.934863187489791
2026-05-14,3,S430,15.53166931178762,0,1.6528524066622314,-0.15870725725003476,1.530994638089576,0.0,-0.17261549480721017,0.3102715043534705,0.03705556949277795,1.6976067232100396
2026-05-15,1,S075,1.966473243068978,0,0.7223731764443337,0.7092198581560405,0.45896602019535887,0.0,-0.16769519720955195,0.5499024995568161,0.026441938222034146,1.8670745073238433
2026-05-15,2,S238,1.9191506737443742,0,0.3094213616453556,1.2249897917517183,0.6618029962364292,0.0,-0.11556518598772114,0.34347826086956523,0.03598800699998177,1.5601131759033817
2026-05-15,3,S363,1.0835913312693624,0,0.7443931498614076,-0.7546439628483004,0.5759282062470246,0.0,-0.041898405635891645,0.4741284403669725,0.042226650650260156,1.7458857696632937
2026-05-18,1,S352,12.531328320802015,0,1.2960657359981447,0.3132832080200654,0.6811901728322292,0.0,-0.109375,0.24933604124355568,0.04832241359085862,1.4494551846697794
2026-05-18,2,S162,8.307692307692305,0,0.4882150452367161,-0.4615384615384688,0.6608354457714809,0.0,-0.1558441558441559,0.35154137371552185,0.0616179130203045,1.662139720988178
2026-05-18,3,S478,6.281846528253099,1,3.485027711638263,6.452962202448842,0.49838578368220643,0.0,0.040474777448071375,0.5552200992293888,0.041353136385409626,1.37056865446367
2026-05-19,1,S024,22.32641112432532,0,2.6324014677649403,1.7015826548348656,1.2536307240213096,0.0,-0.013937125073293921,0.3295596725809126,0.04814994641736181,1.4007449639427765
2026-05-19,2,S256,15.833333333333343,0,1.0508587724194343,0.8333333333333304,0.5735385182932771,0.0,0.0714285714285714,0.37267080745341613,0.04911698280851237,1.6117982117001748
2026-05-19,3,S129,14.710854405860395,1,1.7734015891823733,3.905754736916256,0.6467979883625248,0.0,0.2839249378250057,0.8946937232165364,0.054421571564181606,1.5152925818346659
2026-05-20,1,S402,12.5,0,0.9476487189166454,0.0,0.6793809795325498,0.0,-0.20000000000000007,0.12121212121212122,0.05459996882042773,1.1446892774035304
2026-05-20,2,S416,9.9228944246738,0,1.088389187774058,-0.5812574139976268,0.7479747806883517,0.0,-0.04508382419574086,0.578447181528116,0.032076589470431016,1.7912241446363866
2026-05-20,3,S453,8.354244181015824,0,1.5519711937029952,2.41412131175911,1.3590740793565879,0.0,-0.009046087888531562,0.2849815675589037,0.04001976759363889,1.326076113498023
2026-05-21,1,S300,12.04003234937323,1,6.112058427967102,9.047715325515583,0.7755553018008073,0.0,-0.2133598409542743,0.24673866952682647,0.04286295400765391,1.651952810611639
2026-05-21,2,S034,8.765859284890421,0,1.0449601403254603,2.5374855824682907,1.5721673940186884,0.0,-0.01252847380410016,0.2964102564102564,0.051998216782578106,1.6350991979629137
2026-05-21,3,S264,8.297915076527529,1,5.948348757369174,10.514602498694403,0.6263589648191781,0.0,-0.12156821229444559,0.3993935212668667,0.030416088105408485,1.5618013185351276
2026-05-22,1,S162,7.159624413145549,0,0.9412523393131577,2.934272300469476,1.1193084848087325,0.0,-0.05856353591160235,0.476776720761052,0.06971191992836906,1.1436834498256205
2026-05-22,2,S264,7.096065819441644,0,1.5138693911559509,0.961474260532813,5.948348757369174,1.0,-0.07530356040337516,0.43253485648274426,0.03650334993962321,1.341863491102015
2026-05-22,3,S256,6.622516556291402,0,1.4169276493381937,0.6622516556291425,0.8241942988362011,0.0,0.36036036036036023,0.468944099378882,0.05999614683698446,1.1905526271894993
2026-05-25,1,S181,1.6645784857705292,0,0.3191881962503717,0.6025893443111885,0.2372279887878337,0.0,-0.24523798802179486,0.27490569132360176,0.04632511375746651,1.5579961474010784
2026-05-25,2,S171,1.355452154562009,0,0.44006796252844665,1.577989075460251,0.753823204993505,0.0,0.22230464886251244,0.585732906742505,0.03249363954632816,1.3852910647172378
2026-05-25,3,S320,1.1904761904761862,0,0.3673182234653527,0.0,1.0308263887294702,0.0,0.25373134328358193,0.5153374233128833,0.033295386854047246,1.5323566250952538
2026-05-26,1,S034,12.428078250863074,1,4.684497628615555,13.924050632911399,0.7368626350897182,0.0,-0.0645855758880518,0.29709401709401706,0.05506311129137788,1.5569538553790676
2026-05-26,2,S480,6.7762203963267265,1,5.062605530203567,7.269212179796991,0.9243736461299374,0.0,-0.06852151989915356,0.3933235747010627,0.028189020926187587,1.7401832356264433
2026-05-26,3,S018,4.853744776599167,0,0.579879309001608,0.032144005143042165,1.6627364448414672,0.0,-0.1343906510851418,0.4870831376232973,0.06108218060044507,1.5832364355581734
2026-05-27,1,S131,-0.43495990213403557,0,0.48125197382118146,-1.0466222645099998,0.36172612752398925,0.0,-0.26879689907071513,0.4243403028118241,0.04118805887385577,1.8776425345565213
2026-05-27,2,S020,-0.4781997187060516,0,0.6603976639075376,0.25316455696200446,0.868007574750931,0.0,-0.023351648351648158,0.46216848673946964,0.036246075573958404,1.3431507835879357
2026-05-27,3,S182,-1.2268753320774706,0,0.9029393841631895,0.6569096266241692,0.8726849560350511,0.0,-0.10458025171921637,0.3555933426083372,0.04730888633916028,1.42363287946611
2026-05-28,1,S074,3.4890219560878233,0,0.6541385298028488,1.037924151696612,1.2328986880333128,0.0,-0.11484098939929333,0.47427013518118816,0.03527867296882289,1.6512785822234348
2026-05-28,2,S020,3.193894855850754,0,0.9910797570795016,1.469756924816279,0.6603976639075376,0.0,-0.043525277101919446,0.45995839833593344,0.03622813411260387,1.184762821042979
2026-05-28,3,S342,2.64496439471007,0,2.036212703646001,1.8650389962699077,1.3031193382862358,0.0,-0.07438794726930309,0.6748283752860412,0.037748403251950786,1.550869463609642
2026-05-29,1,S345,14.222712238147729,0,0.5146131622997377,3.4178610804851184,0.6136104186737634,0.0,-0.290852228303362,0.19899078543220713,0.045958085672562536,1.7941114550781079
2026-05-29,2,S477,10.544939844302892,0,1.2844026657381085,1.3800424628450214,0.4420372084382682,0.0,-0.19372325249643374,0.27281942366172707,0.06692933929940406,1.4561975221115973
2026-05-29,3,S483,9.908098793796682,0,0.5338199846667901,1.8380241240666395,0.27931113626902987,0.0,-0.3467166979362102,0.15079468191070114,0.05916479625856549,1.6888767090224064
2026-06-01,1,S184,3.6868528396611255,0,0.6343241445591626,-1.5636439702960025,0.5435728266600931,0.0,-0.07863544376987563,0.5387693001239716,0.04093667830155511,1.6887371785656402
2026-06-01,2,S396,2.301509985387251,0,0.4830051039812504,0.18767370562449148,0.6875354144482929,0.0,-0.08759133628746585,0.2549816805660577,0.0465893989174497,1.6823870109637709
2026-06-01,3,S074,0.6947124662292303,0,0.4556544300430723,-0.802778849864938,0.7412920354524374,0.0,-0.05431053361559235,0.4905524631754326,0.03399204530585265,1.5139970670763108
2026-06-02,1,S300,10.210853045060464,0,1.2863726265081592,3.842448892218764,1.056571052245327,0.0,-0.22368093061902783,0.23304482302761217,0.056819425339976234,1.63816536905332
2026-06-02,2,S485,9.885599657554355,0,1.0859876228925762,1.1179842710020704,1.143951668070587,0.0,-0.2911572396642095,0.4715733227785474,0.056798715680583214,1.7693934977801793
2026-06-02,3,S126,9.331029375462862,0,1.355412617394769,-0.9812392001974701,1.2233225365721847,1.0,-0.2692012808370542,0.15780760016361192,0.0517280058278571,1.788951188415584
2026-06-03,1,S174,5.8651026392961825,0,1.014646748249256,2.4193548387096753,1.1523103560209071,0.0,-0.07962213225371118,0.3088768115942029,0.04510220168216063,1.8751342584114679
2026-06-03,2,S464,5.038428693424413,0,0.7846916472543162,2.3911187019641345,1.159765158968903,0.0,-0.13897058823529407,0.5443979544397954,0.04585926501101988,1.7464360836333241
2026-06-03,3,S320,4.999999999999982,0,0.5712701938867132,4.999999999999982,0.49071982453587015,0.0,0.08108108108108114,0.49079754601226994,0.03875894059121853,1.6355672920960214
2026-06-04,1,S352,9.03225806451613,0,1.1593378338650215,0.07168458781361409,0.9485061530853659,0.0,-0.12374371859296474,0.21793469770348384,0.05315162715588858,1.6839244877033874
2026-06-04,2,S485,5.495382253099201,0,0.9118507287334177,-1.539248966934359,1.1035361814477802,0.0,-0.13699519964663165,0.5851339328970201,0.061866979948104965,1.3541467600216184
2026-06-04,3,S132,5.35550171275796,0,0.7178796282002972,-0.016709833737149626,0.586228380216512,0.0,-0.3140974212034384,0.19837244762662423,0.06587259916971902,1.6348964236797479
2026-06-05,1,S485,10.152114042723227,0,0.4750811337341752,2.6634227086573814,0.9118507287334177,0.0,-0.10321263812552395,0.6289088616569221,0.056203096981060935,1.3879278044838024
2026-06-05,2,S129,7.8335566238474375,0,0.8714223494649399,-0.5792418630309659,0.8545537065361395,0.0,-0.08260130860716475,0.7144103820060242,0.07153568956864201,1.570896600057683
2026-06-05,3,S222,7.134793407089646,1,17.7168961320469,5.384962745540767,2.451729979110235,0.0,-0.12823540990060034,0.5476352395672334,0.02819965306546854,1.2453191512903325
2026-06-08,1,S240,24.405985456313694,0,1.549107708321909,4.3829984749022,1.1567618731426308,0.0,-0.21707304411026696,0.4401797962698112,0.05747477049949746,1.7318399051007785
2026-06-08,2,S495,19.329388560157803,0,1.0940231422438267,1.0468821119708593,1.3555726615721142,0.0,0.004572473708276181,0.3657196759516147,0.04408577331277975,1.3055649464644978
2026-06-08,3,S477,19.29229277750848,0,1.1692096058407049,-0.759411859751169,0.3515830827718573,0.0,-0.05395903393457657,0.29874016508181683,0.0667535235393735,1.3407848148798642
2026-06-09,1,S240,21.21702052056498,0,1.1323346589589751,4.160966509727282,1.549107708321909,0.0,-0.01153805626778115,0.5476100133290526,0.07958780877220378,1.0528842159314005
2026-06-09,2,S380,17.77763683643052,0,0.7589092564031167,0.3932263588507512,0.9764140867548566,0.0,0.10614564332818865,0.613132157648111,0.05360824049856072,1.339727562450884
2026-06-09,3,S485,15.432559314057448,0,0.8635222984536851,-1.2953248929649552,0.531093726765441,0.0,0.18973063398313483,0.7818486128000215,0.06355729348597672,1.0942531833780684
2026-06-10,1,S402,14.28571428571428,0,0.21423447357431663,0.0,0.37266077874776443,0.0,-0.12499999999999989,0.12962962962962962,0.06935816337114892,0.8827293852284545
2026-06-10,2,S477,13.233155598642753,0,1.999406432012914,-1.7086766844401358,1.4977856816992394,0.0,0.23256161314413726,0.39832022010908913,0.08302118633855214,1.0063316180435626
2026-06-10,3,S011,10.480028446130142,0,1.3893061820786818,0.9885030224013214,2.370940482242023,0.0,0.13409683576632525,0.416452772073922,0.07188412435933599,1.1108717517483553
2026-06-11,1,S415,14.194065757818763,0,2.6349407647574696,5.212510024057737,1.4217679126577927,0.0,-0.09637681159420286,0.3618688334300639,0.04859001937390396,1.441733157777438
2026-06-11,2,S453,14.031380970524076,0,1.9375097745456165,0.4745246094697064,1.2211885304831362,0.0,0.4178862587172183,0.35596187751981945,0.053808223382805574,1.24819753196829
2026-06-11,3,S271,12.07195491980928,0,2.2936694436615004,-0.7802340702210642,0.7504366821382787,0.0,0.13143697891123107,0.33080011471178666,0.050614526393727766,1.254933477678698
2026-06-12,1,S132,8.234937935210418,0,0.9088100771217816,2.8156221616712163,0.6428198838939132,0.0,0.11264569157178461,0.27371718377088305,0.061568192244417105,1.3229897624676983
2026-06-12,2,S259,4.774579936782564,0,0.5875334264872742,1.547163533521867,0.5391366641760226,0.0,0.14017450682852806,0.3419226393629124,0.047835986941636745,1.13175964428436
2026-06-12,3,S444,3.948051948051967,0,0.7225260721156717,1.0320346320346285,0.6386672637226687,0.0,-0.18471355563712344,0.2568927322710652,0.04470014332480671,1.5251217015719316
2026-06-15,1,S451,5.319791380730177,1,2.2378663334779976,7.823222618720838,1.1542712313588621,0.0,-0.12759231763973367,0.8550037551633497,0.050181933129971074,1.1757539601258304
2026-06-15,2,S018,3.8130733944954143,0,0.834404719068469,1.9495412844036775,2.018380824722558,0.0,0.20027529249827936,0.5461092844841083,0.05537768523649665,1.1389676742009558
2026-06-15,3,S142,3.808917574609194,0,0.799195469138636,4.128671245855053,0.7930939117105428,0.0,0.1352514116698038,0.4250504948812977,0.04698214411770734,1.5235302715373464
2026-06-16,1,S174,9.382022471910112,0,0.5281481394628916,1.6292134831460636,0.48297225741855015,0.0,0.14395886889460163,0.4030797101449275,0.04949590733932828,1.5428419950913443
2026-06-16,2,S416,8.676789587852497,0,1.26356531795975,0.6146059291395334,0.6354892712544965,0.0,0.00423574972770191,0.5693896455895975,0.056484279226457365,1.231276016614783
2026-06-16,3,S247,7.0618394640741045,0,0.8967205294190135,-0.2345885027449368,0.9729793584672694,1.0,0.20263509976150318,0.31047221450507206,0.05681192099119123,1.3931683490489906
2026-06-17,1,S296,1.9497459837978903,0,1.2412799738811757,-0.9199505698201271,0.4745827202780496,0.0,-0.03613022763366869,0.2355509557230182,0.04091497022310472,1.6899292435046998
2026-06-17,2,S206,1.810442231389775,1,6.694708615347182,11.030822187770983,1.6260945982451045,0.0,-0.0012858867369968108,0.2333482534290672,0.045879917701236096,1.1521502278611742
2026-06-17,3,S461,0.7693710118505059,1,12.053047183480423,9.360072926162278,0.9733169627817418,0.0,0.17497108093055136,0.31903260705187114,0.05992498066986112,1.1350302818915448
2026-06-18,1,S421,16.928670730403162,0,1.2962630364431342,1.3688375574804734,1.0455856706836182,0.0,0.09113185530921819,0.5154906284454245,0.07173394660497168,1.4507541148205583
2026-06-18,2,S464,13.43101343101345,0,1.2179849091108115,1.7094017094017255,0.4427887685461109,0.0,0.22696629213483144,0.7615062761506275,0.06021298146976676,1.2232002953056433
2026-06-18,3,S162,13.33333333333333,0,1.9561587064254746,2.499999999999991,1.9090575758281838,0.0,0.059268600252206705,0.484149855907781,0.08511478439594716,1.067985545887848
2026-06-19,1,S238,14.455592716462284,0,2.5622203732552906,0.7060572277963528,0.716125892475225,0.0,0.03899613899613885,0.4539473684210526,0.0646461436919311,1.4292877118093632
2026-06-19,2,S402,14.28571428571428,0,0.612972346548216,0.0,0.584186593832235,0.0,-0.2222222222222221,0.14,0.07619205346807921,1.0714063773595268
2026-06-19,3,S421,13.81013352844338,0,1.1755567126862416,2.1858423266873928,1.2962630364431342,0.0,0.23269447576099211,0.6027563395810364,0.0801629742328603,1.2332300518999542
2026-06-22,1,S171,6.028131279303417,1,3.1703344389141797,-0.20093770931011168,0.6931318207906068,0.0,0.20185147917085944,0.7490279693967139,0.03409703758006566,1.3933003432765658
2026-06-22,2,S174,4.804646251319955,0,0.7973435428327524,0.7391763463569179,0.5815116008607584,0.0,0.10630841121495327,0.4288949275362319,0.056801339767684436,1.315942922493897
2026-06-22,3,S401,4.369085173501586,0,1.4878634189043625,-0.8359621451104027,1.3484751399627344,0.0,0.018801221275911884,0.22024595289376778,0.050509501977090594,1.1085773478533705
2026-06-23,1,S129,15.88375297507203,0,0.7121920041172409,1.7631216334711208,0.36627017700336595,0.0,-0.057858554863836176,0.8703663323157436,0.07417988411680324,1.5332623816180853
2026-06-23,2,S015,7.603686635944706,0,0.6660301263709406,-1.0634526763559027,0.5917335447918645,0.0,-0.04760297096556376,0.5658409387222946,0.049038943093796805,1.7118937250565818
2026-06-23,3,S089,6.922072268175894,1,5.923477637808793,4.198022265066226,0.7525341364454002,0.0,0.09054530656538251,0.37460975723405243,0.060562531064330405,1.3965389043565057
2026-06-24,1,S402,14.28571428571428,0,0.567613207299863,0.0,1.0216885877862698,0.0,-0.12499999999999989,0.14,0.08449942727857368,1.0868326160872306
2026-06-24,2,S425,8.463113778158782,0,0.6525680468518167,0.9310853931514096,0.45188869784420066,0.0,0.03966131907308368,0.5722500817616919,0.05366732364186997,1.2406551193278574
2026-06-24,3,S352,8.288610614192017,1,2.4202202324123654,6.082289803220031,0.3221820311097598,0.0,-0.014688601645123422,0.26199031401343537,0.06611937056949235,1.5234960396852748
2026-06-25,1,S485,7.075488450201184,0,0.8645953895837541,0.41907023231508855,0.8489776616823254,0.0,0.46248135754194086,0.88442916821847,0.07015493978364197,1.3434786327313826
2026-06-25,2,S107,6.57484833579276,0,1.4012639702147796,3.2300377111001755,1.1311927299154207,0.0,0.165265571264807,0.24245676803816338,0.0493917617016523,1.5440920865821584
2026-06-25,3,S445,6.029106029106046,0,1.190934524568821,2.2176022176022103,0.8880446171380234,0.0,0.09733840304182495,0.27617224880382774,0.062299869299717175,1.450839142236557
2026-06-26,1,S007,12.13447384125721,0,0.4095888892127679,-1.1239307738213689,0.492972730924356,0.0,0.1539079536325032,0.253453665423011,0.05643903367700701,1.5726071516637135
2026-06-26,2,S197,7.57797270955165,0,0.5823082112181701,2.144249512670582,0.4373331569392116,0.0,0.25696784073506884,0.40669903874739866,0.04932902674115777,1.455059367043637
2026-06-26,3,S430,6.78833741375473,0,1.3857895600107757,-2.5595370576452225,0.8736133989538674,0.0,0.29574621485219876,0.40226514761510396,0.05001242851845146,1.4658846810658026
2026-06-29,1,S445,7.863031071655047,1,6.961313769524543,16.423589093214975,0.8400167058442508,0.0,0.360655737704918,0.3018181818181818,0.0614405396575573,1.2569257561649483
2026-06-29,2,S074,-1.3677297041099434,0,0.49424190302075366,1.9297176518383141,0.45690080253952114,0.0,0.13940749884277115,0.55924116778371,0.03661817322665751,1.4739691087894937
2026-06-29,3,S415,-1.443298969072171,0,0.4871596745344151,-0.8247422680412453,0.278325338926093,0.0,0.3155515370705244,0.4222286709228091,0.05082368553812305,1.168767637016644
2026-06-30,1,S296,9.266467065868266,0,0.6195852238054046,1.467065868263484,1.104701085514568,0.0,-0.044895624821275404,0.21604838448850222,0.04070575884850045,1.7986222585397296
2026-06-30,2,S440,8.671415298854157,0,0.4672734174399443,1.7033137194177872,0.38973404714252136,0.0,-0.05860058309037919,0.43914048687610496,0.025706146636336337,1.4869989435752802
2026-06-30,3,S060,4.3405889884762905,0,1.129498736122951,1.472471190781044,0.686159082941815,0.0,0.21235641105246827,0.28977441377263286,0.0649549174110197,1.5050328037047542
2026-07-01,1,S485,3.028665508464301,0,0.5955762854731341,2.1463779241242875,0.5765906166916935,0.0,0.6619356571514903,0.8950282736144574,0.0678989723310935,1.2049819985108057
2026-07-01,2,S349,2.695763799743256,0,0.9781700389951286,0.0,0.7778664927889759,0.0,-0.018891687657430767,0.39928241927216807,0.029067740139053316,1.4668178136779717
2026-07-01,3,S296,2.644197835319906,0,0.8636593966741971,-0.30141115221262726,0.6195852238054046,0.0,0.0864840726406666,0.2360684368834697,0.04429274291820067,1.6274502812135991
2026-07-02,1,S141,5.439836932288666,0,1.035115963636776,1.3822536467290814,1.191216417647384,0.0,-0.06542445529229657,0.3266473856141154,0.03497482707712537,1.4743115751280984
2026-07-02,2,S060,3.816058745636197,0,0.7082968016526677,-0.6861682918021028,1.0743091520025334,0.0,0.3600196463654226,0.3082146037399822,0.06445477104457022,1.332184078124005
2026-07-02,3,S014,3.467811158798284,0,1.2123759696713756,0.8240343347639456,0.6606924915533936,0.0,0.1251690168050994,0.5172720007104165,0.05772136085272883,1.367380049486447
2026-07-03,1,S256,16.346153846153832,0,0.727116557356644,1.9230769230769162,0.6964410005711437,0.0,-0.03703703703703709,0.3301587301587302,0.059605777583887624,1.7629568823520585
2026-07-03,2,S134,10.547754314503145,1,4.2989222362572965,6.190374102261753,0.5563300405418699,0.0,-0.05390193195071247,0.5234835306660681,0.06071855324188208,1.482874187963794
2026-07-03,3,S129,10.113743389118323,0,1.0683076179081235,5.477070202129974,0.9845063377230963,0.0,-0.02438507209499563,0.7077917083301284,0.07628947168093758,1.7609495586701123
2026-07-06,1,S247,11.853202024049203,0,1.5750760456798,0.3182980575657135,1.0009408970405418,0.0,0.034242142877240145,0.27600033037745625,0.058101545406068274,1.6176722263031467
2026-07-06,2,S043,8.188331627430912,0,0.9523844635695443,0.3070624360286711,0.732375352582224,0.0,0.041577825159914594,0.14219182069567746,0.06497474753478005,1.3266201769651123
2026-07-06,3,S273,7.5494452484322405,0,0.8742709669523439,-0.4823926676314594,2.083468583632218,0.0,0.09076558800315704,0.3971264367816092,0.0640528206049322,1.6092495772140845
2026-07-07,1,S401,16.294349540078844,0,1.4773944810761217,0.9198423127463773,1.2093242306600092,0.0,-0.037318153067678606,0.1586187730146599,0.057012247868315255,1.8197528258937432
2026-07-07,2,S004,10.450880368602933,0,1.0038485380694,-0.14579562284021685,1.2259809616654715,0.0,0.19805692791155227,0.8597954713948579,0.04135891420710904,1.5540021864293652
2026-07-07,3,S247,10.152012647452246,0,1.014571957483652,1.6295755806883028,1.5750760456798,0.0,0.15045609715149144,0.30871520712413936,0.06103910524471211,1.4455786207704784
2026-07-08,1,S240,9.530687147420647,0,1.014621145277103,1.3372527696594805,0.8072090055740077,0.0,0.04560717775606271,0.5725849605479506,0.05975668122326511,1.4202033258044264
2026-07-08,2,S039,7.218811537124981,0,1.4617960365266043,4.179311942546038,1.1521266973473463,0.0,-0.028471753319828874,0.6908500184055953,0.04314089709176168,1.4420910388647323
2026-07-08,3,S020,6.73334959746279,0,0.6636935316366014,0.07318858258111849,0.5342874904167871,0.0,-0.0617990386816204,0.5750561167227835,0.04715656834468859,1.3166418822614034
2026-07-09,1,S138,2.8063890132855818,0,0.6281437388553348,2.328705776981632,0.7346030345411453,0.0,-0.048572645930975766,0.7922185430463575,0.0286049475912497,1.936450352446006
2026-07-09,2,S451,0.610443898878632,0,1.1765113004912198,0.9753831862517437,1.206349438045384,0.0,-0.10838312725551669,0.7074258355238453,0.04157324053622644,1.5071187091154699
2026-07-09,3,S313,0.27698574338086424,0,0.8377908341263423,-1.5112016293279074,0.832799085952607,0.0,0.05905698632500744,0.856027058126155,0.02323104971109096,1.2134742665518008
2026-07-10,1,S215,17.199360767079508,1,7.726559686175864,7.411106671993606,1.1855556035814165,0.0,-0.1788057742782152,0.43106862998363904,0.05415801695286599,1.3101976507917992
2026-07-10,2,S066,14.105323121716552,0,1.6281939753938754,0.987404266092784,1.3999010301737036,0.0,-0.15393472032559508,0.35703147951458725,0.04217200542312554,1.395068494751542
2026-07-10,3,S132,14.041964491584057,0,1.6322025198880838,0.32280378141573696,0.4237616674605109,0.0,-0.433738085911999,0.14376160169716254,0.055808473460088576,2.0557289938126746
2026-07-13,1,S240,8.279595338105672,0,0.41182053905777855,1.301544104596819,0.31334085234826475,0.0,-0.1055548941011496,0.6578130624714205,0.06077882600746188,1.198530342994961
2026-07-13,2,S376,6.229399034459782,0,0.7660716386645215,-0.4361578158814772,0.7294800578410825,0.0,-0.1807370229944627,0.38798894228285025,0.03507335028128324,1.391375716802175
2026-07-13,3,S134,5.24750277469479,0,0.9668988210356586,1.5627081021087674,1.1501420857308198,0.0,-0.12636233176899503,0.6319791257505191,0.060635764838683645,1.2131377579703544
2026-07-14,1,S445,9.664694280078878,0,2.083875512371184,1.2491781722550943,1.3012260157418456,0.0,-0.05410447761194037,0.2911004784688995,0.054021837670845035,1.5082483809106788
2026-07-14,2,S273,4.636459430979967,0,0.790986625275481,0.7797681770284504,0.5664857371676769,0.0,-0.1064030131826742,0.45450191570881227,0.05891428900379195,1.3529478716365213
2026-07-14,3,S020,4.3738898756660705,1,3.835333527809217,4.218472468916512,1.5982416327803726,0.0,-0.13100520933822113,0.6318742985409652,0.04675129294423137,1.0827864932975704
2026-07-15,1,S421,14.666795069337436,0,0.5783840209458255,-0.6452234206471563,0.3097177695170356,0.0,-0.07853403141361248,0.5724366041896362,0.07589787160974168,0.9738321355227342
2026-07-15,2,S007,12.130425665758038,0,0.6161993180653672,-0.17823443069824307,0.5004640164792972,0.0,-0.19537708790281771,0.24044569930422505,0.056384219403787586,1.6893126473804507
2026-07-15,3,S443,10.023677979479073,0,1.6580450848014723,2.209944751381232,1.3429667493554909,1.0,-0.2642276422764227,0.2682616980732585,0.03861301392172945,1.8768679471257803
2026-07-16,1,S138,5.9659882910510165,0,0.7670289425729836,-0.850292723724555,0.8279126021930613,0.0,-0.04929764113437596,0.8483916745506148,0.02846845717280211,1.611606890730171
2026-07-16,2,S034,2.358974358974364,0,0.782885031359245,2.153846153846173,1.036218911769303,0.0,-0.18204697986577179,0.3640776699029126,0.03722213016969729,1.6237533569481524
2026-07-16,3,S271,2.285951787198659,0,1.1272378099139073,3.158769742310885,1.0142891470895223,0.0,-0.04693998811645861,0.3449956983080012,0.04908177118975775,1.270209629143803
2026-07-17,1,S443,3.6772581220992473,0,1.2004651414479413,0.357015351660106,1.9215051245559163,0.0,-0.08643183300717538,0.2965276307431717,0.039228669459847876,1.728516794579605
2026-07-17,2,S247,1.7319984421177992,0,0.44324693562851775,-2.4857385048912994,0.605448655051821,0.0,0.05356022206130828,0.32774194517235944,0.05280501753205561,1.4347779611233284
2026-07-17,3,S025,1.0204081632653184,0,1.1908946818251553,-0.08503401360544505,0.8561581750384215,0.0,0.06329113924050622,0.8316831683168316,0.024604239602613785,1.3774913368504016
